population_affected,casualty_count,structure_damage_pct,road_accessibility_score,hours_since_last_goods,goods_received_ratio,vulnerability_index,priority_score
2510,6,0.1851,0.0,113,0.3356,0.3267,49.24
3402,0,0.0532,0.0,30,0.0848,0.3215,38.94
2204,6,0.0081,0.5,14,0.2808,0.3826,28.85
1974,2,0.3,0.5,14,0.0952,0.3997,25.28
3695,0,0.1305,1.0,23,0.0859,0.4589,21.73
2104,3,0.277,0.0,40,0.5505,0.4579,46.39
2815,4,0.1911,1.0,2,0.6564,0.1697,8.86
2627,2,0.0779,1.0,76,0.6496,0.1337,9.59
3692,2,0.1124,1.0,108,0.3122,0.2615,20.03
1727,4,0.1161,0.5,3,0.7735,0.3092,25.46
4554,6,0.8389,0.5,157,0.1287,0.3572,49.62
1407,7,0.7728,0.0,228,0.0562,0.334,64.97
2943,4,0.1358,1.0,32,0.6543,0.4979,8.41
2709,1,0.1248,0.0,27,0.1292,0.3478,54.01
1306,1,0.0601,0.0,23,0.3813,0.3007,37.44
3114,4,0.9532,0.0,158,0.2641,0.6023,55.83
1828,2,0.2232,1.0,8,0.4751,0.538,4.83
975,1,0.0764,0.0,57,0.3624,0.465,39.71
3386,3,0.125,0.5,48,0.1459,0.5063,41.79
678,2,0.0598,1.0,78,0.0869,0.2148,12.55
1136,3,0.2951,1.0,20,0.0376,0.4776,10.82
2186,2,0.0451,1.0,4,0.331,0.3372,13.24
3676,2,0.1925,0.5,72,0.0665,0.3251,38.96
3246,3,0.0631,0.0,28,0.09,0.5429,48.3
2482,2,0.8666,0.0,187,0.4573,0.0964,61.11
485,4,0.0683,0.0,55,0.2209,0.3616,36.59
1356,1,0.675,0.5,189,0.508,0.4746,38.55
1603,2,0.8596,0.5,12,0.3039,0.3331,22.37
936,3,0.8617,0.5,41,0.189,0.3838,31.63
361,6,0.7978,0.5,121,0.2506,0.0975,36.15
2262,1,0.182,1.0,11,0.8232,0.5264,6.29
3316,3,0.5384,0.0,22,0.3329,0.5342,48.82
1506,3,0.8216,1.0,6,0.346,0.3564,11.47
3645,0,0.6567,1.0,46,0.1505,0.3773,17.99
603,5,0.9657,0.5,51,0.1711,0.3492,32.36
886,8,0.0602,0.5,94,0.0396,0.1859,32.83
2228,3,0.0573,1.0,58,0.5756,0.1272,14.4
1408,4,0.1125,1.0,34,0.2925,0.2512,4.91
3134,2,0.731,0.5,64,0.5067,0.2224,37.31
2794,3,0.203,0.0,71,0.327,0.5165,49.25
1488,3,0.2081,1.0,137,0.2977,0.468,23.36
660,1,0.7552,0.5,15,0.3242,0.3402,28.28
1357,4,0.3937,0.5,7,0.2895,0.2397,28.34
2841,5,0.1715,0.0,54,0.2447,0.2906,44.87
3218,2,0.06,1.0,44,0.0967,0.5244,17.91
1413,6,0.0832,0.5,24,0.5425,0.4256,31.76
359,7,0.1797,0.5,5,0.9192,0.1835,19.21
571,1,0.9452,1.0,167,0.1151,0.5141,25.72
2685,1,0.7676,0.5,53,0.1833,0.3294,37.94
1469,5,0.2555,0.5,14,0.0709,0.3885,25.22
1497,2,0.197,0.5,12,0.0616,0.4326,22.52
874,0,0.1054,0.5,42,0.5212,0.2646,25.62
859,0,0.0622,1.0,11,0.5065,0.4014,3.87
3604,3,0.5472,0.5,33,0.076,0.2027,40.04
2751,6,0.7878,0.5,50,0.1843,0.2871,34.76
1213,2,0.0265,0.0,21,0.5591,0.2579,33.42
2113,1,0.6933,0.5,13,0.0806,0.2996,30.2
2382,6,0.1133,0.0,132,0.5191,0.4524,54.25
5649,14,0.1635,0.5,11,0.7122,0.1772,35.97
796,2,0.6189,0.5,88,0.1501,0.126,36.08
2360,2,0.5658,0.5,89,0.3195,0.4248,33.1
3592,3,0.1328,0.0,166,0.5707,0.1705,60.28
5231,16,0.0671,0.5,46,0.1077,0.2711,30.83
1163,2,0.7974,0.0,36,0.1773,0.1239,42.07
1454,4,0.4121,0.5,41,0.1935,0.1733,30.05
3154,4,0.4265,0.0,106,0.2131,0.2781,49.97
477,3,0.0492,1.0,33,0.7522,0.4923,6.35
2526,5,0.1542,0.5,229,0.262,0.3532,41.08
6962,24,0.0308,1.0,2,0.4067,0.1289,22.07
2713,3,0.0444,1.0,130,0.29,0.5218,23.92
181,2,0.4815,1.0,66,0.4637,0.5528,11.78
986,2,0.7079,1.0,106,0.3073,0.1564,15.98
1193,0,0.7402,0.0,179,0.3143,0.169,53.77
4147,2,0.4845,0.5,0,0.9118,0.1445,33.09
1764,3,0.1518,1.0,44,0.3925,0.2767,18.05
365,1,0.236,0.5,59,0.2214,0.3276,24.62
1917,1,0.6544,0.5,27,0.1023,0.45,33.66
2208,4,0.0387,0.5,12,0.2951,0.5069,26.21
1321,3,0.1673,0.0,203,0.014,0.4402,63.63
846,1,0.1552,0.0,79,0.4606,0.5846,44.6
7441,19,0.1533,0.5,64,0.1979,0.2113,44.19
3600,3,0.0975,0.5,39,0.2036,0.4786,39.14
3818,0,0.1052,1.0,141,0.4067,0.4877,18.17
1767,6,0.1471,0.5,61,0.2893,0.1869,32.12
1147,1,0.5877,0.0,6,0.8144,0.5259,46.76
1374,3,0.0607,0.0,70,0.2102,0.4282,47.87
601,2,0.1163,0.5,7,0.3295,0.5085,18.91
5579,11,0.0455,0.5,57,0.163,0.3665,34.78
1821,3,0.075,1.0,115,0.1013,0.4198,12.52
4782,3,0.2401,0.5,4,0.8014,0.2417,35.65
1428,5,0.1247,1.0,0,0.4449,0.4601,3.76
2740,3,0.9132,0.5,8,0.4882,0.4748,36.07
2297,5,0.535,0.0,11,0.6191,0.4399,37.18
541,2,0.1499,0.5,26,0.0462,0.4389,38.18
6035,18,0.0999,0.0,37,0.0147,0.232,48.98
1463,3,0.7429,0.0,36,0.1879,0.3525,47.39
728,2,0.1767,0.5,4,0.7574,0.1698,26.5
3171,5,0.8264,0.5,47,0.6122,0.301,32.2
1992,1,0.1,0.0,77,0.0838,0.3177,48.47
2569,3,0.0918,1.0,120,0.1853,0.239,19.07
2143,1,0.0318,0.5,5,0.6689,0.2188,23.66
208,6,0.0796,0.0,10,0.6064,0.3992,42.91
957,4,0.1925,1.0,65,0.1455,0.2848,12.66
924,1,0.3059,0.0,61,0.18,0.1653,50.83
3780,3,0.3171,0.5,79,0.1674,0.3612,38.09
2047,0,0.4944,0.5,38,0.4592,0.1501,37.89
2856,0,0.5987,0.5,27,0.1325,0.4352,27.42
1534,3,0.0194,1.0,0,0.5935,0.3797,3.76
2954,4,0.233,0.5,28,0.3194,0.5243,29.23
1770,1,0.1885,0.0,116,0.0903,0.2855,43.06
1672,5,0.1257,0.5,44,0.1279,0.4991,34.52
2286,3,0.0775,0.5,44,0.0883,0.1189,28.21
2143,4,0.5114,0.0,43,0.0305,0.4649,42.76
8984,16,0.0956,0.5,56,0.2751,0.2716,41.65
947,3,0.8671,0.0,2,0.7703,0.4152,37.98
481,1,0.447,0.5,68,0.5702,0.2383,32.6
2529,2,0.1253,0.5,16,0.0449,0.2125,29.29
1069,8,0.0469,1.0,33,0.1944,0.316,12.21
176,3,0.0974,1.0,13,0.2185,0.2272,5.63
764,3,0.2098,0.5,240,0.2935,0.3968,42.26
7752,21,0.2133,1.0,57,0.4299,0.3025,39.29
925,2,0.5199,0.5,41,0.4256,0.4895,27.71
325,5,0.0956,1.0,84,0.4518,0.4035,18.45
7444,15,0.3434,1.0,6,0.1115,0.213,24.55
736,3,0.1501,1.0,25,0.5839,0.5997,17.88
10720,24,0.1931,1.0,29,0.6544,0.3656,26.55
1482,3,0.0815,1.0,55,0.2075,0.4705,17.81
6051,12,0.0256,0.5,39,0.235,0.1242,33.55
1643,2,0.124,1.0,26,0.5271,0.2475,20.59
2751,2,0.715,0.5,44,0.3262,0.2382,36.86
1799,1,0.1863,0.0,14,0.3274,0.3499,31.38
1653,0,0.1008,0.0,66,0.1239,0.3945,39.09
2381,1,0.0078,0.5,46,0.8633,0.513,28.88
2823,4,0.1612,0.0,157,0.2386,0.509,58.91
2250,3,0.2286,0.0,64,0.4718,0.2337,48.13
2083,2,0.0368,0.5,145,0.1294,0.2428,36.84
1077,3,0.5433,0.5,53,0.4931,0.4274,28.76
1853,3,0.4231,0.0,240,0.5518,0.4904,66.66
5561,19,0.3479,0.5,51,0.5704,0.2791,36.93
1035,1,0.3874,0.5,3,0.5745,0.2676,23.35
2432,0,0.1729,1.0,33,0.247,0.2259,8.78
4471,2,0.1612,0.5,68,0.7197,0.3793,29.16
2839,1,0.868,0.0,240,0.3058,0.2503,63.41
3808,3,0.3358,1.0,27,0.0601,0.4649,14.25
725,5,0.1339,1.0,111,0.5523,0.2518,19.27
2436,5,0.0833,0.5,146,0.1901,0.3512,31.25
1580,4,0.0333,0.0,25,0.2875,0.5903,43.73
1634,4,0.2031,0.5,63,0.0157,0.4943,28.82
5255,17,0.1158,1.0,70,0.3258,0.4641,26.67
1655,1,0.17,1.0,4,0.6927,0.448,6.69
2494,2,0.3155,1.0,38,0.2378,0.3839,12.55
326,4,0.0615,1.0,4,0.3088,0.4849,13.63
6046,20,0.1261,1.0,13,0.3726,0.4167,21.69
3658,3,0.0118,0.0,16,0.0965,0.3299,47.13
1906,1,0.1721,0.0,114,0.2584,0.4276,52.38
1525,4,0.8431,0.0,2,0.5395,0.605,43.72
3045,5,0.668,0.0,77,0.3538,0.4273,46.86
4434,0,0.3773,0.0,83,0.2194,0.5348,47.64
6100,15,0.0737,0.5,41,0.245,0.3528,46.0
3576,3,0.2545,1.0,66,0.2547,0.3676,21.53
2104,0,0.0688,0.0,82,0.33,0.3751,45.39
3958,3,0.19,1.0,17,0.4236,0.2921,11.37
3473,2,0.0157,1.0,0,0.5568,0.4612,18.73
2111,5,0.291,0.0,84,0.5531,0.4286,44.03
3403,5,0.5287,0.0,9,0.7875,0.4375,45.96
3359,3,0.0824,0.5,53,0.1148,0.4277,34.5
1898,3,0.0984,1.0,13,0.6533,0.2695,2.19
1299,1,0.0357,1.0,0,0.4431,0.2558,2.15
3159,1,0.7481,0.0,240,0.2845,0.2242,63.0
804,1,0.1846,0.5,9,0.4438,0.1843,26.15
645,7,0.8648,1.0,25,0.1743,0.3819,15.7
2523,3,0.2614,0.0,69,0.0449,0.3101,41.1
3099,0,0.1422,0.5,45,0.5935,0.1097,19.35
2509,3,0.2558,0.5,102,0.6036,0.1697,29.48
2712,4,0.1267,0.0,26,0.0678,0.1428,36.38
3062,1,0.743,1.0,84,0.5373,0.2836,25.09
5268,19,0.6557,0.0,20,0.3902,0.4263,60.85
3619,5,0.5278,1.0,47,0.0841,0.4453,21.65
3544,0,0.2239,1.0,6,0.5524,0.4725,10.09
2382,3,0.8645,0.0,0,0.4057,0.3362,49.47
2448,4,0.6255,1.0,18,0.2363,0.4474,20.46
1780,2,0.5167,0.0,8,0.7034,0.1692,35.52
2654,6,0.079,0.0,87,0.1059,0.1217,44.92
767,2,0.2875,0.0,55,0.2423,0.1967,46.31
5284,19,0.5732,1.0,230,0.3481,0.5022,45.42
977,3,0.1812,1.0,28,0.1745,0.2458,13.98
3614,2,0.0997,0.0,47,0.6763,0.2003,39.16
4846,3,0.1022,0.5,88,0.3083,0.4444,33.06
3608,3,0.1841,1.0,14,0.5749,0.3318,15.16
8207,19,0.393,0.5,6,0.7429,0.342,38.36
224,3,0.2532,0.0,62,0.1046,0.3626,36.12
1371,3,0.7321,0.5,45,0.2075,0.469,29.62
4792,3,0.1421,0.5,13,0.4908,0.1522,28.16
620,4,0.0493,0.5,70,0.3043,0.3959,36.71
1004,3,0.6337,0.5,191,0.5379,0.3915,37.98
2926,3,0.0839,1.0,147,0.0196,0.4861,24.36
2085,4,0.9392,0.5,21,0.2895,0.2242,43.44
2799,3,0.064,0.5,2,0.6142,0.3342,18.91
2221,3,0.1214,1.0,68,0.0527,0.5023,20.43
2376,5,0.1848,0.5,95,0.2536,0.4093,31.46
1094,4,0.4943,1.0,0,0.6559,0.6091,12.96
2320,2,0.2294,0.0,19,0.2009,0.5286,54.74
1449,4,0.9538,0.5,70,0.0323,0.137,41.09
1615,5,0.155,0.5,65,0.6329,0.5982,30.82
3579,3,0.0859,0.5,40,0.1484,0.5596,26.8
588,3,0.9544,0.5,2,0.686,0.3957,26.84
125,5,0.0806,0.5,21,0.1063,0.1454,21.24
3400,3,0.1784,0.5,27,0.0856,0.6046,24.05
2322,1,0.1989,0.5,6,0.3143,0.5363,15.17
4842,8,0.6874,1.0,42,0.2302,0.5154,21.34
1029,3,0.6502,0.5,25,0.4628,0.3535,28.54
1851,2,0.5899,1.0,56,0.4249,0.5933,23.14
2146,2,0.0781,1.0,1,0.7694,0.0969,2.8
1213,2,0.5528,1.0,51,0.2475,0.3863,16.82
915,1,0.5109,0.0,240,0.1845,0.5258,52.44
3521,2,0.1965,1.0,0,0.522,0.1758,6.87
531,2,0.2808,0.5,94,0.0572,0.4601,19.88
782,4,0.062,0.5,178,0.1318,0.4469,49.59
1803,4,0.0823,1.0,201,0.2345,0.2513,27.19
3810,2,0.7228,0.0,20,0.2369,0.4761,50.11
1281,2,0.0261,0.0,49,0.5264,0.1512,42.45
1147,2,0.0716,0.0,176,0.4622,0.5879,64.72
1720,4,0.1465,1.0,49,0.4349,0.4831,11.63
2614,2,0.1445,0.5,64,0.3864,0.4722,25.81
1514,4,0.6676,1.0,10,0.6206,0.3459,23.23
4150,0,0.1064,0.0,88,0.7142,0.3651,41.19
4271,5,0.8795,0.0,92,0.4517,0.4431,64.28
1803,3,0.936,0.0,35,0.0854,0.4804,49.63
6800,17,0.1585,1.0,21,0.1557,0.2294,27.49
2109,7,0.0143,0.0,43,0.4603,0.3123,36.49
4173,2,0.1109,1.0,22,0.0461,0.3956,28.64
2561,0,0.9124,0.5,15,0.2547,0.4306,30.18
2526,1,0.3405,1.0,10,0.2985,0.4824,9.01
409,4,0.0741,0.5,71,0.7187,0.2984,28.93
720,3,0.0924,0.5,22,0.6724,0.4958,19.83
1579,2,0.4261,0.0,240,0.213,0.2418,63.03
4249,3,0.0361,0.5,30,0.0088,0.4474,25.36
2588,4,0.1472,0.5,218,0.3031,0.3353,45.15
1591,4,0.6656,0.0,38,0.005,0.2572,44.85
3120,1,0.2188,1.0,14,0.0214,0.3282,9.6
4142,1,0.0436,0.0,156,0.1326,0.4136,50.76
2009,3,0.6289,0.0,211,0.1099,0.3197,66.4
2365,2,0.0242,0.5,25,0.1817,0.438,25.05
2145,2,0.0263,0.5,17,0.1122,0.4409,25.15
1913,4,0.3249,0.0,14,0.5716,0.3779,43.91
1019,2,0.0522,1.0,65,0.2507,0.2873,18.09
949,2,0.1442,0.0,130,0.1292,0.3945,44.62
3106,5,0.8688,0.5,14,0.1764,0.4631,36.53
4196,3,0.1767,0.0,233,0.2446,0.2105,58.42
1588,7,0.1069,0.0,87,0.6028,0.1059,44.98
1558,0,0.1094,0.5,32,0.3441,0.2677,29.89
292,3,0.3144,1.0,35,0.5783,0.1515,0.0
229,3,0.3784,0.5,8,0.7532,0.4611,18.32
4944,4,0.1315,0.0,194,0.0399,0.2239,60.79
1079,2,0.0678,0.0,40,0.0787,0.3353,43.27
8581,11,0.16,1.0,48,0.7066,0.178,32.39
1252,2,0.0331,0.0,51,0.137,0.5356,34.17
425,4,0.1264,0.5,162,0.1002,0.4574,44.24
2158,1,0.3178,0.0,4,0.4751,0.5093,43.2
3492,3,0.0984,0.0,43,0.1013,0.4608,45.45
3224,0,0.4375,0.0,108,0.1537,0.143,44.34
3738,4,0.169,0.0,58,0.0453,0.4041,46.56
842,6,0.2588,0.5,41,0.6631,0.394,32.46
4865,2,0.2019,0.5,4,0.4939,0.3855,29.37
5058,15,0.1546,1.0,87,0.1857,0.4674,27.02
5207,13,0.9264,0.0,13,0.0431,0.3777,52.99
2427,3,0.1203,0.5,45,0.0647,0.4292,33.95
1490,3,0.1799,0.5,35,0.0977,0.4443,27.52
1382,4,0.3602,0.0,37,0.8417,0.5714,41.41
422,4,0.0793,0.0,37,0.157,0.292,40.17
1276,1,0.5189,0.0,100,0.0578,0.2523,46.41
111,1,0.2922,0.0,42,0.3684,0.1228,35.34
359,4,0.1381,0.5,147,0.4505,0.2037,26.14
2408,1,0.3944,0.0,45,0.3265,0.4629,42.4
1632,1,0.6372,0.5,63,0.0692,0.28,24.13
2331,5,0.0248,0.5,1,0.7408,0.2704,25.89
3307,6,0.1535,0.5,11,0.4067,0.2182,25.26
2657,1,0.0736,0.0,240,0.4009,0.5166,57.5
2495,2,0.0587,0.5,18,0.0333,0.2546,26.57
1868,0,0.1208,0.5,25,0.0251,0.492,22.53
1045,1,0.1194,1.0,109,0.2814,0.4448,10.61
625,1,0.3342,0.0,233,0.1035,0.2459,59.06
1304,4,0.5853,0.0,0,0.5592,0.4525,51.4
1892,2,0.6654,1.0,26,0.2944,0.5799,20.75
2080,1,0.9826,0.0,12,0.4194,0.1231,51.92
3743,2,0.0358,0.0,37,0.1888,0.2174,38.01
1762,1,0.1977,1.0,18,0.424,0.1627,8.35
2975,2,0.0357,0.5,61,0.2537,0.4135,29.56
490,1,0.2278,0.5,13,0.2792,0.4016,30.45
2434,6,0.954,0.0,3,0.3864,0.4544,53.25
2308,1,0.0973,0.0,11,0.2384,0.3144,39.21
4866,2,0.4561,0.0,189,0.2809,0.4737,51.36
1633,2,0.1557,1.0,17,0.5693,0.3609,3.39
1578,3,0.0299,0.5,23,0.2062,0.3535,28.67
3323,2,0.645,0.5,73,0.4281,0.4294,34.75
674,5,0.0227,1.0,18,0.3408,0.2959,8.23
2387,3,0.0453,1.0,19,0.2593,0.4676,14.85
641,3,0.0677,0.0,10,0.4093,0.1536,42.41
6356,23,0.7642,0.5,51,0.134,0.183,44.25
1412,4,0.4076,0.5,130,0.2679,0.3847,40.46
599,4,0.6996,1.0,32,0.4862,0.3687,22.45
1297,2,0.3788,1.0,111,0.1333,0.3694,27.15
2398,3,0.1745,1.0,12,0.409,0.4811,9.04
2909,6,0.9339,0.5,43,0.3067,0.2048,38.68
4695,2,0.1369,0.0,131,0.1294,0.167,58.57
1166,2,0.8311,0.5,42,0.1103,0.4542,33.11
3430,3,0.2566,0.5,45,0.2018,0.284,30.81
360,2,0.095,0.5,49,0.1059,0.3183,17.32
787,3,0.0103,0.5,21,0.2933,0.3661,19.23
505,0,0.9658,0.5,17,0.0493,0.1577,25.78
992,3,0.1318,0.5,58,0.214,0.223,21.54
3322,2,0.0944,1.0,6,0.3175,0.1905,11.64
1191,1,0.1726,0.5,33,0.0227,0.1886,30.42
1392,5,0.4495,1.0,2,0.6637,0.5446,9.41
2446,1,0.234,0.5,29,0.0281,0.1262,17.11
2822,5,0.0537,0.5,18,0.7524,0.5113,26.01
1427,1,0.0678,0.5,37,0.2549,0.276,26.68
782,3,0.1453,0.5,20,0.3984,0.2938,24.94
5677,19,0.3203,1.0,65,0.3732,0.2385,24.46
1435,5,0.1432,0.0,36,0.2614,0.3847,37.07
1556,2,0.3234,1.0,51,0.0338,0.597,20.52
1719,4,0.029,1.0,100,0.1053,0.179,19.28
3038,3,0.0921,0.5,18,0.3931,0.3385,23.83
463,1,0.7987,0.0,153,0.3118,0.2372,46.37
7163,24,0.0826,0.0,240,0.5899,0.3708,74.8
1521,2,0.1573,0.0,4,0.7931,0.5791,33.2
3112,3,0.3176,0.0,42,0.4268,0.3164,47.87
606,2,0.063,0.0,240,0.1879,0.1417,56.97
2265,5,0.8175,1.0,181,0.2393,0.4883,42.74
6445,18,0.0485,0.5,34,0.2189,0.2864,39.72
5856,20,0.1469,1.0,2,0.4384,0.5038,32.48
3054,3,0.0834,0.5,10,0.7919,0.3861,25.48
933,3,0.359,0.5,111,0.3136,0.4081,30.8
4527,2,0.1613,1.0,164,0.2216,0.4821,22.78
357,2,0.1048,0.0,3,0.8069,0.4226,30.34
902,2,0.6528,0.5,6,0.6748,0.3498,27.72
1876,3,0.0291,1.0,68,0.0473,0.2691,15.78
395,2,0.2458,1.0,1,0.2675,0.4456,0.0
1294,7,0.6392,0.5,104,0.3142,0.2832,42.99
3478,3,0.1048,1.0,30,0.0207,0.54,23.55
1085,3,0.7954,0.5,9,0.9694,0.3758,17.42
3594,5,0.0649,0.0,215,0.4533,0.5195,65.68
8427,18,0.1367,0.0,172,0.2905,0.3686,78.99
2662,4,0.2509,0.5,12,0.3078,0.395,19.39
3550,2,0.1474,0.0,60,0.3657,0.4364,44.6
4633,1,0.0899,0.0,67,0.1026,0.3353,44.87
1398,1,0.1423,0.0,67,0.5173,0.4249,47.63
3492,1,0.2605,1.0,49,0.0556,0.3137,15.13
1370,3,0.0693,1.0,53,0.0924,0.368,11.2
2527,2,0.1085,1.0,43,0.1695,0.4787,16.52
3867,3,0.1406,0.5,149,0.0332,0.2322,48.84
973,4,0.8233,1.0,23,0.0711,0.4963,16.99
128,0,0.4217,0.5,17,0.2533,0.2286,21.32
890,5,0.8275,0.5,4,0.8083,0.5791,26.97
4267,4,0.6164,0.5,13,0.5445,0.4007,36.41
790,4,0.0618,0.0,42,0.0218,0.3707,35.65
4105,0,0.068,0.5,162,0.2217,0.2706,39.73
895,1,0.0632,0.5,62,0.2751,0.1533,21.33
1676,2,0.8711,1.0,1,0.5209,0.587,8.5
1978,3,0.092,0.0,96,0.3966,0.3666,37.31
786,2,0.6988,0.0,18,0.2588,0.4016,40.99
1691,3,0.5814,0.5,132,0.4366,0.5288,44.19
424,2,0.0368,0.0,71,0.3165,0.2828,31.58
1504,2,0.9768,1.0,40,0.5274,0.2101,19.89
1854,3,0.3779,0.5,3,0.4559,0.3837,22.94
138,4,0.1649,0.5,21,0.4565,0.359,18.21
883,4,0.1545,0.5,37,0.2086,0.3953,28.84
2470,4,0.7856,0.5,3,0.7799,0.3301,36.05
702,5,0.074,0.0,147,0.1636,0.4465,58.64
2777,5,0.1021,0.5,90,0.0078,0.3191,36.74
2976,2,0.0143,0.0,76,0.4566,0.249,44.97
2462,4,0.1152,0.5,3,0.6795,0.3099,26.42
3463,2,0.8546,1.0,0,0.6698,0.4599,28.69
393,2,0.2947,0.0,84,0.3925,0.2531,42.74
3987,2,0.7754,0.5,35,0.2831,0.364,41.4
798,2,0.3914,1.0,79,0.0723,0.4885,14.26
2157,3,0.4565,0.5,37,0.1692,0.4542,27.35
6277,26,0.9115,0.5,43,0.1149,0.2469,58.08
1477,5,0.5908,0.5,74,0.0654,0.3545,35.62
2017,4,0.1198,0.5,2,0.5888,0.376,25.36
803,5,0.2212,0.5,78,0.3041,0.5151,34.12
6236,15,0.3724,0.0,33,0.5876,0.1647,50.15
885,4,0.2568,0.5,15,0.36,0.4091,23.35
3163,3,0.3398,1.0,64,0.3361,0.342,15.28
4627,4,0.0467,0.5,13,0.2131,0.1719,31.47
3379,3,0.0272,1.0,6,0.4786,0.2188,12.41
2575,4,0.0555,0.0,171,0.3029,0.5354,52.35
2132,3,0.2474,0.5,86,0.0874,0.2275,43.66
600,2,0.2916,0.5,14,0.1079,0.2832,24.78
6052,15,0.2919,0.5,32,0.1146,0.4575,41.87
2422,2,0.8201,1.0,22,0.1717,0.375,24.58
2018,1,0.2104,0.5,28,0.6869,0.3434,20.79
739,5,0.6711,0.5,41,0.3644,0.2133,28.04
2095,2,0.0898,0.5,43,0.1815,0.2144,29.14
1921,3,0.364,0.5,80,0.1245,0.3653,26.49
6277,14,0.4792,1.0,5,0.661,0.4127,22.16
2017,4,0.2272,1.0,59,0.2632,0.5599,26.95
2069,0,0.1715,0.0,210,0.5003,0.4785,64.9
748,2,0.8849,1.0,38,0.554,0.3156,19.71
1052,6,0.0824,1.0,14,0.3776,0.5955,16.68
2901,4,0.1412,0.5,68,0.3353,0.2608,34.51
312,5,0.1537,0.5,62,0.0286,0.4226,27.36
3973,2,0.161,1.0,6,0.6622,0.1471,19.42
4047,1,0.0631,1.0,67,0.341,0.4112,12.46
955,3,0.1163,0.0,150,0.6073,0.2307,53.62
2582,4,0.0567,0.5,57,0.7872,0.2834,25.64
4730,2,0.7853,1.0,39,0.5186,0.472,19.51
1802,2,0.1161,1.0,65,0.0488,0.5049,18.36
1545,5,0.0042,0.5,101,0.0297,0.1668,43.03
1702,5,0.5991,1.0,43,0.2076,0.2737,24.8
2417,3,0.1309,0.5,173,0.5301,0.1114,39.89
1176,2,0.5872,0.5,20,0.1615,0.3419,29.02
1439,2,0.0349,0.5,95,0.334,0.486,34.62
2453,5,0.6968,0.0,168,0.6989,0.2615,64.93
1343,5,0.0804,0.0,155,0.521,0.294,42.24
685,8,0.0341,1.0,45,0.4248,0.3514,11.68
280,4,0.2945,0.0,102,0.2584,0.443,42.33
2048,3,0.0648,0.0,4,0.8158,0.4598,36.78
4532,2,0.8011,0.0,76,0.3163,0.5083,49.26
2678,1,0.7068,0.0,43,0.1123,0.2068,39.34
712,4,0.1549,0.0,85,0.3549,0.2378,38.18
1045,3,0.3904,0.5,1,0.5048,0.2487,21.4
1535,5,0.7188,1.0,4,0.6252,0.1578,16.0
6410,19,0.1086,0.5,47,0.0308,0.536,39.28
6641,20,0.1876,0.5,46,0.3402,0.3803,38.47
6132,19,0.6387,0.0,96,0.0831,0.5392,67.99
2209,3,0.2563,0.0,26,0.1853,0.4936,45.56
12072,11,0.7085,1.0,88,0.665,0.5953,49.76
1092,5,0.1391,0.5,15,0.1967,0.1214,29.88
1490,5,0.4151,1.0,118,0.4758,0.4322,16.35
3763,2,0.1445,0.5,33,0.2152,0.1897,26.53
2463,5,0.6606,0.5,20,0.3324,0.2829,35.76
2568,5,0.247,0.5,60,0.2874,0.3608,28.21
831,2,0.6899,0.0,66,0.4286,0.3257,45.04
1910,4,0.3351,1.0,47,0.0906,0.2373,7.55
1106,3,0.1867,0.5,217,0.4084,0.2592,34.52
558,3,0.0395,0.5,98,0.0221,0.1662,36.61
1223,2,0.5356,0.0,4,0.8326,0.259,39.94
2463,4,0.1145,0.5,3,0.9688,0.3639,20.32
3344,4,0.1004,1.0,63,0.7916,0.5161,13.54
267,1,0.9668,0.5,158,0.361,0.2175,48.63
1980,4,0.8257,1.0,28,0.0699,0.5419,16.27
1844,1,0.1371,0.0,16,0.3455,0.4079,42.21
2370,6,0.0421,1.0,70,0.4017,0.302,20.69
725,2,0.0303,1.0,7,0.6008,0.2547,12.62
739,1,0.0676,1.0,10,0.7799,0.3013,0.63
4615,2,0.0684,1.0,7,0.4375,0.2292,5.76
967,2,0.7368,0.5,26,0.3902,0.5902,24.36
1431,4,0.1574,0.5,4,0.5443,0.3955,27.62
1554,0,0.1227,1.0,58,0.787,0.3435,20.25
1124,1,0.3686,1.0,5,0.6752,0.3351,11.87
2837,3,0.0062,0.5,62,0.6645,0.3067,25.4
2666,2,0.0091,1.0,92,0.0599,0.2314,23.57
1780,3,0.0423,0.5,62,0.2606,0.2668,26.37
1182,2,0.9176,0.0,146,0.031,0.1112,52.53
1670,3,0.3804,0.0,9,0.4126,0.2997,39.66
2110,3,0.8518,0.5,23,0.4629,0.3221,28.95
1046,3,0.7185,0.5,51,0.3661,0.2148,27.9
2990,5,0.1404,0.5,4,0.442,0.447,33.57
3952,1,0.2514,0.5,2,0.7374,0.4951,24.22
5152,15,0.1203,0.5,3,0.3141,0.4306,27.25
4943,3,0.2565,0.0,116,0.0524,0.2136,58.81
1546,3,0.114,0.0,101,0.2183,0.3119,42.68
2190,2,0.1526,0.0,219,0.5238,0.3277,52.39
1753,5,0.2117,0.5,85,0.2044,0.4108,37.07
1748,1,0.1389,1.0,2,0.5196,0.2815,3.83
1661,1,0.012,1.0,53,0.3027,0.4351,9.61
2009,4,0.6328,0.0,51,0.2639,0.2702,48.6
4402,1,0.054,1.0,48,0.1038,0.4074,15.64
2519,3,0.7519,0.5,31,0.5889,0.1833,29.33
694,2,0.0825,0.5,17,0.2508,0.1528,10.97
3838,2,0.1153,1.0,18,0.3188,0.311,12.61
2346,3,0.217,1.0,62,0.1442,0.3471,24.83
2860,3,0.912,0.5,117,0.2693,0.2868,45.23
2482,5,0.2162,0.5,21,0.182,0.4959,27.95
2566,3,0.1501,0.0,93,0.2013,0.1723,50.78
2653,4,0.1616,0.0,5,0.7233,0.1547,42.81
341,3,0.0214,0.0,144,0.6198,0.5278,43.12
2834,8,0.0356,0.0,14,0.1208,0.355,50.84
1087,2,0.1173,1.0,22,0.3311,0.214,9.71
1339,1,0.5956,0.0,84,0.3566,0.4381,46.82
1997,7,0.2351,0.5,62,0.3387,0.5123,40.87
5696,17,0.4318,1.0,59,0.0878,0.5442,19.72
814,6,0.6933,1.0,77,0.0271,0.4508,15.6
1945,4,0.0128,0.0,93,0.1537,0.2664,50.46
1629,3,0.718,0.0,69,0.3976,0.1771,52.01
3800,1,0.0678,0.5,88,0.5837,0.3646,40.7
1593,5,0.4165,0.0,240,0.0309,0.1537,51.49
2365,1,0.2107,0.5,98,0.4105,0.2884,36.81
816,5,0.0808,0.5,17,0.0848,0.3136,19.25
4245,3,0.0889,0.5,4,0.6375,0.3634,29.24
510,2,0.325,0.0,67,0.1866,0.5778,44.69
2807,0,0.2649,0.0,117,0.4651,0.2577,53.71
2376,4,0.1845,1.0,75,0.1842,0.3864,16.9
2637,2,0.1858,1.0,5,0.8002,0.4797,14.59
517,3,0.1027,0.5,0,0.3121,0.338,17.8
1566,1,0.3951,0.5,15,0.1749,0.4042,26.63
3674,1,0.1015,0.5,23,0.0072,0.1518,29.74
6266,12,0.1826,0.0,38,0.2539,0.3106,62.74
1834,3,0.141,1.0,10,0.5435,0.0882,12.76
3438,1,0.1607,0.0,1,0.6821,0.2069,40.51
2209,2,0.1414,0.5,58,0.3971,0.3374,32.27
1909,1,0.2641,0.0,230,0.1599,0.5126,65.29
1424,2,0.1085,1.0,3,0.366,0.4604,10.28
2004,3,0.08,1.0,25,0.0522,0.3124,7.15
3228,2,0.2865,1.0,108,0.2393,0.3401,24.87
3415,2,0.2066,0.5,66,0.269,0.3067,32.54
632,2,0.8384,0.5,10,0.6854,0.3309,25.08
1320,4,0.0544,0.5,53,0.1226,0.119,23.97
778,3,0.0318,1.0,20,0.5427,0.4745,10.86
2081,2,0.2057,0.5,15,0.0177,0.4066,30.07
1522,4,0.074,0.5,44,0.0436,0.5449,24.45
2574,2,0.1639,0.5,26,0.2079,0.3112,22.34
2704,1,0.3466,0.0,21,0.0171,0.2915,53.79
166,2,0.1194,0.5,17,0.1165,0.2276,27.17
1992,2,0.0765,0.0,92,0.3732,0.5182,47.09
4461,2,0.1232,1.0,224,0.1142,0.4095,35.89
1320,3,0.6537,0.5,6,0.2939,0.4299,26.19
1288,2,0.4982,1.0,87,0.2364,0.225,17.25
3949,2,0.87,0.0,130,0.2432,0.3913,59.68
3525,1,0.0696,0.5,15,0.1129,0.175,32.08
855,6,0.1153,0.0,125,0.3852,0.2554,41.84
3289,4,0.2711,1.0,6,0.331,0.4818,9.14
1036,1,0.1338,0.0,240,0.3722,0.3549,50.75
1277,0,0.1912,0.5,105,0.0472,0.0935,35.77
854,0,0.178,0.0,31,0.2537,0.0861,38.17
627,6,0.0495,1.0,3,0.5042,0.244,2.74
2174,5,0.0394,0.0,24,0.4369,0.2306,40.22
535,5,0.8559,0.5,94,0.329,0.5258,34.12
2241,2,0.0219,0.0,53,0.2809,0.5144,36.57
2189,4,0.1129,0.5,11,0.9436,0.5792,30.71
1771,5,0.8393,0.0,95,0.4675,0.47,52.83
1372,2,0.0194,0.5,40,0.2501,0.2272,31.87
1158,2,0.2391,0.0,101,0.5921,0.3573,38.72
756,5,0.0366,1.0,169,0.6065,0.4403,23.5
5178,26,0.2472,0.5,129,0.3597,0.492,41.8
1710,1,0.4217,0.5,78,0.291,0.4274,44.57
1665,1,0.0641,0.0,124,0.4421,0.5662,39.4
892,3,0.8641,0.0,38,0.1845,0.1396,55.72
4818,3,0.0547,1.0,49,0.0599,0.4993,19.2
1221,2,0.2428,1.0,149,0.504,0.2857,19.32
2401,2,0.1853,0.5,5,0.5061,0.5718,28.54
2747,2,0.0747,1.0,47,0.1662,0.5043,10.25
2175,5,0.4805,0.0,77,0.3005,0.5141,54.6
521,1,0.1034,1.0,10,0.4115,0.1028,9.98
3192,5,0.0587,0.5,11,0.757,0.2976,26.08
1211,0,0.1456,1.0,40,0.4991,0.2513,10.52
3501,2,0.0807,1.0,2,0.3745,0.5471,21.44
1897,5,0.5916,0.0,187,0.3521,0.4296,63.06
2868,5,0.0218,0.5,22,0.0077,0.5482,25.94
4606,3,0.0303,1.0,8,0.3496,0.5505,18.08
3110,1,0.0184,0.0,123,0.5814,0.2625,45.85
2917,2,0.1683,0.5,3,0.606,0.2304,21.06
3293,1,0.0609,0.5,56,0.0967,0.3126,33.26
1004,0,0.0646,0.5,3,0.3443,0.4236,16.29
3604,3,0.042,0.5,103,0.136,0.1707,35.61
1607,0,0.1545,1.0,82,0.3235,0.3627,17.91
1650,4,0.1846,1.0,13,0.1649,0.3015,21.08
2124,3,0.2174,0.5,2,0.3199,0.4437,29.18
1490,6,0.2721,1.0,46,0.2497,0.4598,8.44
826,6,0.3163,0.0,4,0.5924,0.359,33.29
2004,3,0.5255,0.0,240,0.1545,0.1094,71.38
1656,3,0.8068,0.0,106,0.2014,0.5378,51.17
1609,4,0.0592,0.5,17,0.1111,0.3427,18.55
1851,4,0.1535,0.5,138,0.3499,0.2664,31.16
192,4,0.1226,0.0,83,0.3929,0.3918,47.77
1619,2,0.0121,0.5,151,0.1599,0.2991,36.2
4994,4,0.3636,0.5,31,0.0688,0.1691,38.26
4733,4,0.3876,0.5,30,0.3828,0.2836,33.62
2058,3,0.0914,0.5,14,0.2406,0.5059,20.86
2005,5,0.4634,0.5,1,0.5365,0.5196,19.06
129,5,0.6821,1.0,42,0.8088,0.5707,9.93
1271,5,0.2108,1.0,24,0.1091,0.334,13.43
3270,4,0.2249,1.0,13,0.6134,0.1568,6.4
1461,2,0.2867,1.0,74,0.1178,0.3491,21.38
4058,3,0.2644,1.0,78,0.2881,0.2469,15.46
3892,3,0.3191,0.0,124,0.1834,0.6088,47.69
1250,3,0.9557,0.5,136,0.2771,0.2812,41.29
2176,3,0.1264,0.5,38,0.5891,0.4369,31.05
5259,19,0.5546,0.0,50,0.3097,0.1902,65.56
509,1,0.3262,0.5,26,0.1586,0.4001,17.63
1488,2,0.7478,0.0,40,0.1712,0.3419,54.25
455,2,0.0129,0.5,34,0.3105,0.522,24.94
940,4,0.1092,1.0,13,0.0938,0.3091,6.94
6291,15,0.0789,0.5,4,0.9221,0.3452,37.55
1487,0,0.3345,1.0,117,0.1819,0.3699,26.06
261,4,0.163,1.0,11,0.796,0.2009,0.0
818,2,0.6486,1.0,1,0.5915,0.2262,7.79
404,4,0.1552,0.0,21,0.0759,0.4625,38.0
2239,4,0.5103,1.0,34,0.3911,0.5303,19.78
2718,3,0.7395,0.0,40,0.2211,0.3551,56.75
3637,0,0.0722,1.0,27,0.173,0.2922,13.44
3149,1,0.1665,0.0,5,0.4122,0.2093,39.01
535,2,0.2175,0.0,52,0.4737,0.5338,43.9
2621,1,0.0915,0.5,38,0.0356,0.455,27.82
1789,4,0.6717,1.0,45,0.2464,0.2945,7.13
4002,6,0.5917,1.0,56,0.1867,0.377,25.95
3401,2,0.0135,0.5,26,0.1069,0.2105,33.07
6833,16,0.5827,1.0,45,0.1922,0.3668,36.14
880,4,0.2769,0.0,229,0.2276,0.1789,52.59
767,4,0.2401,1.0,75,0.38,0.1732,17.46
1337,4,0.1297,0.5,33,0.2636,0.3767,34.73
1845,7,0.1461,1.0,4,0.4214,0.4244,24.18
1126,0,0.0896,1.0,15,0.3978,0.4639,10.04
923,3,0.3754,0.5,153,0.1257,0.3505,43.25
2497,6,0.0977,0.5,30,0.2872,0.3277,24.23
1333,1,0.1761,0.5,14,0.0633,0.294,19.31
1085,4,0.683,1.0,5,0.55,0.274,17.22
534,1,0.1442,0.5,34,0.2267,0.4394,14.61
147,3,0.9237,1.0,48,0.0419,0.5354,19.34
4834,5,0.3111,1.0,65,0.144,0.3891,30.16
4739,1,0.0479,0.5,29,0.4606,0.291,32.79
3473,3,0.0817,0.5,50,0.4223,0.5139,34.48
2926,2,0.7394,0.5,17,0.167,0.4013,32.49
1233,3,0.7246,0.0,19,0.6823,0.3915,41.32
3011,3,0.166,1.0,42,0.4496,0.1707,24.82
716,3,0.7547,0.0,29,0.385,0.3657,50.86
2137,0,0.2882,1.0,12,0.0776,0.455,16.15
1006,1,0.3333,0.5,21,0.1262,0.2956,26.11
3020,3,0.0834,1.0,81,0.1225,0.5767,16.26
5496,24,0.0786,0.5,5,0.8977,0.2986,40.25
815,4,0.1302,0.5,44,0.2899,0.2999,25.25
1285,4,0.3438,0.0,91,0.0813,0.2226,49.19
2107,4,0.0503,1.0,22,0.4559,0.197,13.57
303,2,0.1612,0.5,44,0.3314,0.2231,25.85
426,2,0.0298,0.5,21,0.4401,0.426,29.96
5390,19,0.0159,1.0,5,0.2679,0.3141,14.2
2505,2,0.0327,0.5,105,0.3632,0.4192,33.33
1175,6,0.7835,0.0,6,0.2811,0.142,55.63
1940,4,0.0723,0.0,88,0.2179,0.4525,52.09
1342,6,0.0633,0.5,8,0.7151,0.4625,22.86
2154,2,0.0601,0.0,31,0.3167,0.2766,45.21
1384,5,0.8279,0.5,10,0.1602,0.4498,31.68
1826,4,0.2189,0.0,145,0.2293,0.2482,60.01
3211,1,0.1714,0.5,14,0.1786,0.4109,32.01
3067,0,0.8493,0.5,3,0.4436,0.3942,26.23
5190,11,0.7906,0.5,13,0.1409,0.2267,41.37
2635,2,0.1541,0.5,28,0.0177,0.1671,30.48
2036,2,0.1746,0.5,42,0.4494,0.5179,30.38
5706,17,0.2145,0.5,14,0.0292,0.4132,41.02
1680,3,0.1097,1.0,14,0.3773,0.17,12.16
169,3,0.0629,0.5,45,0.5889,0.2413,25.49
3503,3,0.0085,1.0,133,0.5567,0.4289,17.93
2413,0,0.0321,0.5,9,0.4446,0.2604,20.75
1964,1,0.0922,0.5,116,0.0798,0.1943,32.17
3567,4,0.0878,1.0,38,0.4074,0.5432,16.27
1394,1,0.0323,0.0,129,0.0763,0.2296,46.96
182,4,0.2625,1.0,49,0.0928,0.3559,18.67
3616,3,0.277,0.5,11,0.2419,0.3182,24.83
1140,3,0.7066,0.0,179,0.3703,0.3859,48.96
846,1,0.1195,0.5,16,0.6586,0.21,31.03
196,0,0.6095,1.0,47,0.1443,0.5431,10.08
3409,6,0.2941,0.0,27,0.2162,0.2284,52.52
92,5,0.5698,0.0,97,0.1717,0.3392,52.62
4582,3,0.3084,1.0,17,0.0649,0.3075,13.76
1508,4,0.7947,0.5,53,0.1948,0.5023,34.32
3523,3,0.5296,0.0,1,0.357,0.1486,43.29
2693,2,0.1975,0.0,23,0.1065,0.4306,45.63
6406,9,0.0212,0.5,53,0.3297,0.2277,34.01
2640,5,0.0996,0.5,47,0.0612,0.4938,30.92
4469,5,0.1965,0.5,16,0.1387,0.205,31.68
1250,2,0.2878,1.0,7,0.9009,0.2548,12.64
424,2,0.3346,0.0,1,0.6262,0.3115,34.84
3904,2,0.0192,0.0,25,0.1743,0.261,38.95
410,3,0.0916,0.0,105,0.0286,0.2996,43.72
3383,2,0.0343,0.5,96,0.4171,0.3944,35.26
754,3,0.5012,0.0,210,0.1559,0.3619,49.86
2448,7,0.1273,0.5,49,0.4187,0.1862,36.42
6485,15,0.0695,1.0,21,0.5717,0.529,22.86
3202,2,0.8418,0.0,88,0.0654,0.3528,57.36
1686,0,0.7944,1.0,117,0.1907,0.3419,24.27
2738,5,0.2018,1.0,9,0.2824,0.1961,9.5
1289,3,0.2512,0.5,55,0.1627,0.2603,23.95
8136,14,0.1118,1.0,34,0.2976,0.085,22.89
1066,1,0.0609,1.0,4,0.8243,0.465,0.0
1835,1,0.1522,0.5,35,0.5788,0.2628,26.91
3003,4,0.2137,0.5,45,0.078,0.2087,30.94
2597,4,0.222,0.0,105,0.0914,0.2574,43.56
2812,4,0.3877,0.5,7,0.8006,0.1525,23.52
1312,6,0.1044,1.0,40,0.7023,0.2108,14.35
1631,4,0.5076,0.5,9,0.4029,0.151,33.81
3781,4,0.0218,0.5,36,0.0699,0.5418,25.38
3654,3,0.4389,0.5,28,0.5337,0.3135,42.04
2642,1,0.3452,1.0,20,0.0842,0.5892,9.96
4845,6,0.0613,0.0,68,0.1273,0.6159,43.96
3885,4,0.2283,0.5,5,0.2322,0.3935,38.73
3579,3,0.1389,0.0,203,0.0907,0.3805,55.06
401,4,0.3223,1.0,1,0.486,0.4695,16.39
2619,5,0.559,0.5,11,0.67,0.5069,26.72
2287,2,0.1156,0.0,119,0.0066,0.1512,48.61
5261,18,0.8127,0.5,56,0.113,0.4005,40.32
1755,4,0.1468,0.5,39,0.164,0.5335,35.66
2149,0,0.0244,0.0,30,0.6909,0.4166,44.46
744,2,0.2707,1.0,59,0.1258,0.3129,10.45
890,5,0.0509,1.0,41,0.0492,0.4605,12.57
5272,19,0.0588,0.0,103,0.4563,0.3385,61.74
2804,8,0.7226,1.0,145,0.0519,0.3931,28.95
6494,17,0.0798,0.0,78,0.3313,0.415,65.61
1730,5,0.5682,0.0,22,0.2602,0.4029,45.35
514,2,0.0713,0.5,67,0.2537,0.3868,24.55
1538,1,0.0149,0.0,60,0.1449,0.1762,34.22
1330,2,0.1263,0.5,35,0.3395,0.1703,18.82
3280,3,0.0196,0.5,8,0.4112,0.4422,29.4
3189,0,0.3193,0.0,236,0.2135,0.3197,62.82
2905,5,0.3795,1.0,4,0.6115,0.3076,17.22
7824,16,0.0975,0.5,8,0.4931,0.4749,36.77
4658,2,0.2607,0.5,4,0.6617,0.3973,20.52
949,1,0.0529,0.0,131,0.0121,0.3342,45.89
3972,5,0.1087,1.0,147,0.1498,0.5792,37.52
2043,4,0.1415,0.0,240,0.0312,0.2535,56.32
1692,1,0.0432,0.0,58,0.2752,0.2368,41.93
5050,15,0.0053,1.0,5,0.5521,0.156,5.42
894,5,0.1792,0.0,18,0.463,0.5296,38.01
3793,7,0.1298,1.0,29,0.3386,0.2188,14.37
3391,6,0.1789,0.5,28,0.3856,0.349,32.49
878,5,0.1973,1.0,11,0.7204,0.2369,6.65
385,1,0.5518,0.0,47,0.1842,0.5311,36.74
1873,4,0.4905,1.0,21,0.752,0.2871,9.3
4287,6,0.0282,0.0,56,0.241,0.2069,47.59
2612,4,0.2537,0.0,6,0.5763,0.3229,36.54
5159,27,0.5344,1.0,55,0.2373,0.3701,26.1
2483,4,0.1258,0.0,240,0.0776,0.4391,67.15
5389,18,0.206,0.5,37,0.2872,0.0965,35.89
1214,2,0.0976,0.5,48,0.6071,0.3948,27.76
2898,3,0.2952,0.0,4,0.5007,0.209,40.75
1448,3,0.7371,0.0,129,0.0882,0.3051,48.96
1828,2,0.1372,0.5,12,0.6795,0.2069,21.38
2143,6,0.7127,0.5,15,0.0858,0.3225,34.52
2606,4,0.0414,0.5,98,0.334,0.3646,42.26
1074,0,0.9447,1.0,68,0.1017,0.4117,15.98
2800,1,0.0472,0.5,35,0.3873,0.19,26.06
2063,6,0.0637,0.5,0,0.6525,0.4848,29.25
546,8,0.1437,0.0,45,0.0175,0.198,50.44
321,1,0.1583,0.5,15,0.204,0.4509,19.84
4298,1,0.9562,0.0,111,0.0302,0.4646,59.06
1758,1,0.7488,0.5,23,0.2135,0.3805,36.19
485,4,0.1373,0.0,70,0.063,0.4332,47.32
5977,14,0.7306,1.0,144,0.2441,0.5884,43.81
3005,5,0.7133,0.0,28,0.013,0.3873,56.46
2555,3,0.4505,0.0,83,0.4645,0.1802,51.72
989,1,0.148,0.0,240,0.1779,0.2055,57.95
537,1,0.1796,0.5,53,0.56,0.2331,21.35
2289,1,0.0955,0.5,94,0.3541,0.1608,29.76
1965,2,0.9754,0.5,211,0.3948,0.1586,46.67
756,4,0.0966,1.0,54,0.3376,0.275,17.98
730,4,0.8638,0.5,8,0.875,0.3602,28.23
695,3,0.0536,0.0,240,0.2445,0.3602,58.11
671,2,0.115,1.0,2,0.9195,0.2462,0.0
1180,2,0.6623,1.0,1,0.4856,0.2771,17.26
2556,2,0.0382,0.0,81,0.5675,0.3409,41.23
2876,0,0.0145,0.0,32,0.4033,0.2341,39.24
1933,1,0.2733,0.5,12,0.3525,0.1543,31.51
2212,6,0.002,0.5,8,0.5899,0.457,29.73
2975,2,0.5373,0.5,62,0.6056,0.2858,28.61
227,4,0.2124,0.0,101,0.0473,0.3059,41.8
2343,7,0.0312,1.0,80,0.0734,0.454,18.23
4798,1,0.1538,0.5,7,0.9584,0.1786,23.13
1722,5,0.2801,1.0,56,0.4893,0.4395,8.25
4180,2,0.0385,0.0,66,0.2574,0.1307,43.37
1747,1,0.3594,0.5,0,0.6385,0.2985,9.89
3116,2,0.1698,1.0,56,0.073,0.1674,20.94
2518,1,0.084,0.0,9,0.7058,0.1625,41.99
683,0,0.1453,0.5,78,0.0911,0.2808,35.33
851,3,0.1417,0.0,190,0.1102,0.1856,55.76
5388,25,0.0329,0.5,98,0.2417,0.222,42.35
3603,3,0.0276,1.0,72,0.2336,0.3956,23.08
1841,5,0.76,0.5,28,0.063,0.5399,30.79
1655,4,0.0259,1.0,6,0.3196,0.2177,2.18
995,3,0.1148,0.0,187,0.3187,0.2844,52.49
2677,2,0.1322,1.0,5,0.3709,0.3964,12.69
1074,3,0.0745,0.5,35,0.4432,0.3734,21.08
1485,6,0.5255,0.0,234,0.1707,0.6125,59.01
1175,7,0.2731,1.0,20,0.2401,0.4352,11.43
3449,2,0.1607,0.0,96,0.4925,0.1308,50.51
1782,5,0.1876,0.0,212,0.324,0.53,58.15
2224,1,0.4153,1.0,73,0.147,0.1578,30.68
697,4,0.3243,0.0,21,0.2278,0.2951,40.77
1168,0,0.2446,0.0,95,0.5958,0.2341,47.89
2261,3,0.9607,0.0,15,0.0944,0.447,41.91
411,3,0.4416,1.0,3,0.7737,0.4592,11.17
1678,1,0.3091,0.0,105,0.3633,0.5439,46.39
1980,2,0.1148,0.5,119,0.0739,0.2367,34.5
612,4,0.0982,0.0,138,0.1689,0.4963,58.53
4054,5,0.1793,0.5,111,0.4515,0.5245,36.8
2584,2,0.0792,0.0,240,0.4151,0.4402,53.06
1772,4,0.0642,1.0,119,0.295,0.3334,13.42
1096,3,0.2513,1.0,14,0.1933,0.4272,11.87
393,3,0.1075,1.0,48,0.3537,0.2844,11.04
3844,3,0.0898,1.0,46,0.0212,0.3746,17.87
1374,1,0.0244,0.5,9,0.8358,0.387,14.13
514,2,0.1158,0.0,88,0.5664,0.2374,52.69
1069,1,0.6056,0.5,18,0.2028,0.3078,35.06
2786,3,0.0747,0.5,56,0.3351,0.4947,31.19
2392,1,0.2072,0.5,20,0.0787,0.4976,20.38
760,4,0.0378,0.0,39,0.4322,0.2314,47.68
4317,4,0.0044,1.0,85,0.0976,0.2374,26.29
507,6,0.1525,0.0,61,0.3088,0.5105,44.87
4928,5,0.0809,0.5,59,0.1158,0.4352,42.06
2318,3,0.6393,1.0,93,0.4317,0.3161,18.97
1462,3,0.8875,0.0,1,0.4875,0.5398,39.98
1633,1,0.0692,0.0,66,0.1569,0.1386,43.85
2124,6,0.7425,0.0,135,0.3923,0.2422,49.04
2942,4,0.2047,0.5,14,0.1471,0.4154,23.79
317,3,0.2808,0.5,37,0.089,0.4288,30.0
1038,1,0.8908,1.0,7,0.7311,0.2107,12.85
2072,4,0.2197,1.0,25,0.323,0.4245,6.34
4429,2,0.0786,1.0,44,0.1624,0.5595,15.66
4316,5,0.0581,1.0,2,0.8159,0.2846,5.17
5614,23,0.7623,0.0,240,0.0947,0.4357,76.12
4177,1,0.0404,1.0,30,0.413,0.3479,10.69
969,2,0.8538,0.5,240,0.424,0.4672,53.11
1973,2,0.8564,0.0,186,0.2743,0.2777,59.59
4194,2,0.374,1.0,240,0.1561,0.3454,34.17
3919,4,0.2963,0.5,47,0.1429,0.5355,32.87
1700,0,0.7467,0.0,78,0.1552,0.2857,40.94
2884,5,0.1504,1.0,18,0.2059,0.3481,13.69
1367,2,0.048,0.0,240,0.3546,0.3815,59.8
464,5,0.4998,0.0,6,0.3325,0.324,42.52
1821,3,0.0188,0.0,78,0.2207,0.4374,49.07
1735,2,0.0979,0.5,4,0.8843,0.4921,25.65
1313,3,0.1256,0.0,30,0.0187,0.2454,52.83
2951,1,0.2811,0.0,94,0.1508,0.4619,44.64
1655,0,0.0384,0.5,72,0.5723,0.3536,28.01
2664,3,0.0944,0.0,22,0.0726,0.1897,44.53
3405,2,0.0735,0.5,12,0.2817,0.4538,25.9
8445,13,0.191,0.5,8,0.3451,0.1473,36.89
1845,1,0.2636,0.0,60,0.2542,0.4325,47.46
4471,4,0.3924,0.0,7,0.841,0.177,46.33
2367,4,0.0908,0.0,146,0.2494,0.447,47.89
2469,2,0.0347,0.5,25,0.5279,0.418,16.63
1864,2,0.1431,1.0,17,0.1092,0.3461,8.81
2216,2,0.1979,0.0,155,0.2358,0.2758,49.71
1667,3,0.489,0.0,27,0.2845,0.3989,47.5
3955,2,0.09,0.0,0,0.7818,0.189,35.13
1072,4,0.5101,0.5,20,0.0784,0.2333,28.01
459,4,0.0726,0.5,20,0.086,0.281,15.95
1277,3,0.1582,0.5,41,0.2323,0.3812,19.76
1163,5,0.2463,0.5,47,0.0379,0.3968,26.47
1276,2,0.1002,0.0,195,0.617,0.1634,50.94
1788,4,0.0097,0.5,77,0.3656,0.3338,25.89
1280,1,0.6988,1.0,8,0.748,0.5371,12.22
1768,3,0.0123,0.0,30,0.4198,0.2754,31.67
1283,5,0.036,0.5,3,0.4219,0.2758,22.19
2705,2,0.0208,0.5,37,0.3317,0.3264,26.39
8395,21,0.6612,0.0,233,0.2479,0.3147,73.23
2332,5,0.2436,1.0,41,0.323,0.2474,16.29
1328,1,0.027,0.0,240,0.2849,0.5177,46.5
127,4,0.1974,0.0,219,0.3933,0.3818,52.16
6633,17,0.0433,0.5,68,0.6435,0.4819,45.79
2430,5,0.0505,1.0,15,0.5509,0.4839,0.28
1756,3,0.2413,0.0,240,0.0579,0.3398,64.49
140,2,0.3725,0.5,2,0.4924,0.3696,16.69
1829,1,0.9267,0.0,240,0.4137,0.612,62.19
2202,4,0.1277,0.5,70,0.2079,0.2682,38.5
1287,3,0.0266,0.5,65,0.1185,0.5113,26.19
560,4,0.7375,0.5,157,0.4273,0.5693,48.96
522,4,0.0536,1.0,67,0.4627,0.2114,10.11
6702,11,0.1168,0.5,8,0.6224,0.1543,34.33
2155,1,0.2118,0.0,240,0.1991,0.3643,64.29
1287,6,0.0359,1.0,16,0.4759,0.4372,12.81
2058,2,0.1468,0.0,34,0.2141,0.2675,43.15
1952,3,0.2778,0.5,63,0.1485,0.3769,29.43
494,7,0.0458,0.5,95,0.7857,0.4907,22.05
3777,1,0.1059,1.0,52,0.2985,0.2509,8.02
1720,5,0.0205,0.5,16,0.0119,0.385,33.49
2177,1,0.7996,0.5,175,0.1333,0.2108,52.7
5272,19,0.1334,0.5,13,0.2312,0.2191,37.72
578,4,0.1008,0.5,13,0.3067,0.4231,15.0
1023,1,0.144,1.0,121,0.1489,0.5157,14.53
2526,1,0.5139,0.0,166,0.4089,0.3462,51.95
3726,4,0.0933,0.0,29,0.4672,0.5126,42.24
1186,5,0.2042,0.5,1,0.7385,0.5191,19.32
1245,2,0.137,0.0,102,0.4081,0.2347,48.34
3140,1,0.176,1.0,18,0.1501,0.3968,14.47
7971,20,0.0524,0.5,221,0.2265,0.4211,66.99
2111,5,0.7912,0.5,23,0.2052,0.5201,32.01
1021,2,0.2554,0.5,55,0.5169,0.2149,27.9
768,3,0.067,1.0,16,0.3113,0.3965,12.29
1784,5,0.8099,0.5,0,0.5615,0.4472,35.11
3608,1,0.6915,0.0,25,0.1751,0.3153,42.2
10273,17,0.0963,0.5,36,0.3185,0.2337,48.25
1555,0,0.7247,1.0,63,0.1394,0.5092,19.34
2113,3,0.0699,1.0,61,0.0891,0.186,16.37
5978,23,0.3347,0.5,26,0.1787,0.4783,43.0
2496,7,0.3641,0.5,4,0.2736,0.4145,38.48
2344,4,0.211,0.5,5,0.5102,0.1461,20.93
5228,22,0.645,0.5,46,0.4111,0.2596,39.1
2151,5,0.1486,0.5,109,0.0819,0.4021,32.08
830,4,0.0885,0.0,77,0.3483,0.2015,42.24
4528,3,0.9599,0.0,3,0.5796,0.1497,50.56
408,2,0.1154,0.5,19,0.617,0.2922,19.31
4021,2,0.064,0.5,15,0.462,0.4539,33.01
1987,5,0.4777,0.0,21,0.2128,0.2858,45.32
1569,0,0.1542,1.0,36,0.151,0.4431,11.09
1536,4,0.0389,0.0,54,0.3178,0.4074,36.64
1779,4,0.037,1.0,13,0.3858,0.2601,18.66
1389,1,0.1651,1.0,34,0.0957,0.1413,10.77
2766,3,0.709,1.0,17,0.7833,0.5249,23.81
1430,1,0.0298,1.0,120,0.3237,0.3353,13.72
1999,4,0.1311,1.0,6,0.4072,0.3086,14.3
235,5,0.0719,0.5,27,0.4671,0.3542,21.05
1988,4,0.6997,0.5,50,0.2643,0.2367,42.8
1366,4,0.0337,1.0,11,0.8182,0.5732,13.49
3820,7,0.106,0.5,14,0.4996,0.3774,34.13
1622,1,0.0659,0.5,91,0.1427,0.6015,27.92
3444,4,0.0443,0.0,36,0.1593,0.1301,54.35
3173,0,0.9087,0.5,16,0.1883,0.3056,43.24
3235,2,0.0471,0.0,28,0.4429,0.1482,39.87
1669,2,0.0609,0.5,78,0.1326,0.5048,31.56
2090,3,0.8513,0.5,110,0.1259,0.3667,45.18
2713,4,0.0332,0.0,240,0.0408,0.3164,51.69
2139,2,0.1335,0.5,34,0.3447,0.1339,32.22
1625,4,0.2168,1.0,8,0.8306,0.1492,13.33
903,1,0.2033,1.0,120,0.239,0.5587,15.54
2017,4,0.0243,0.0,104,0.0741,0.5455,38.58
461,1,0.1218,0.0,240,0.1402,0.2965,58.24
212,3,0.0275,1.0,115,0.1178,0.4265,10.79
719,2,0.5392,0.5,5,0.5994,0.2306,16.28
3209,3,0.237,0.5,67,0.2548,0.5465,35.79
2380,4,0.5575,0.5,5,0.5627,0.2306,34.85
3232,6,0.1515,1.0,4,0.3449,0.0931,11.65
1108,5,0.025,0.0,1,0.2195,0.3594,44.71
4091,4,0.2736,0.5,16,0.3307,0.2181,33.97
522,0,0.083,0.0,6,0.411,0.4461,28.86
746,4,0.8574,1.0,24,0.0659,0.5437,14.67
4043,2,0.043,1.0,0,0.8088,0.564,15.93
2253,4,0.2296,0.5,21,0.0133,0.5583,27.13
3246,1,0.1853,1.0,0,0.6365,0.2913,13.82
2387,4,0.2491,0.0,76,0.4438,0.1115,44.79
1249,3,0.071,1.0,34,0.6212,0.1482,12.54
661,2,0.1127,1.0,15,0.068,0.4122,11.36
294,6,0.2037,1.0,5,0.2851,0.2826,7.92
6315,17,0.8623,0.5,50,0.2127,0.3989,51.31
390,4,0.0824,0.0,24,0.4155,0.3557,27.89
5111,11,0.2176,0.0,20,0.3211,0.4138,45.46
2161,3,0.1649,0.0,190,0.1151,0.2016,54.07
2442,1,0.7851,1.0,12,0.3167,0.3819,21.59
2325,3,0.4173,0.5,10,0.7355,0.1976,18.96
2964,5,0.8666,0.5,52,0.5922,0.1159,35.46
1015,3,0.0456,0.0,17,0.633,0.5159,39.57
174,3,0.1863,0.5,38,0.1181,0.4614,27.59
1227,4,0.1284,0.5,17,0.3476,0.4951,25.06
2787,3,0.2531,0.5,5,0.8351,0.1841,21.68
753,4,0.717,0.5,90,0.2261,0.3063,34.25
4161,1,0.1104,0.0,15,0.0407,0.2444,49.01
1805,1,0.1725,0.0,23,0.1721,0.4469,38.02
686,2,0.1121,1.0,3,0.2597,0.4132,0.0
2237,5,0.046,0.5,28,0.3185,0.4646,30.33
2753,2,0.6919,0.5,91,0.2949,0.115,44.35
2898,3,0.1632,1.0,12,0.3394,0.1472,6.45
4046,2,0.7205,0.5,17,0.4279,0.4258,40.29
479,1,0.1431,0.5,178,0.2117,0.4249,39.31
4049,3,0.3093,0.5,51,0.0598,0.2874,28.8
4308,0,0.0066,0.0,102,0.1332,0.2096,46.31
663,1,0.3438,0.5,2,0.7348,0.3038,17.76
801,2,0.0346,1.0,23,0.1868,0.3474,9.67
3362,4,0.0189,0.5,31,0.2878,0.3803,28.4
1437,2,0.9812,0.0,3,0.4171,0.2673,50.15
4747,2,0.7485,1.0,19,0.3148,0.4361,24.78
5656,22,0.237,0.0,95,0.1817,0.3882,53.96
685,2,0.2894,0.5,64,0.1242,0.2316,21.89
997,1,0.2634,1.0,1,0.246,0.3682,11.54
2150,5,0.2653,0.5,6,0.7903,0.2747,22.74
166,4,0.0751,0.0,24,0.193,0.4156,38.45
305,3,0.1025,0.5,71,0.1518,0.149,30.31
896,4,0.2224,1.0,74,0.2293,0.1963,19.38
6977,22,0.9106,1.0,32,0.1733,0.3832,27.87
2404,2,0.0839,1.0,27,0.4533,0.2976,0.0
1148,1,0.9413,0.0,69,0.1047,0.1938,49.29
795,3,0.2365,0.0,194,0.2796,0.5039,50.99
655,2,0.051,0.5,75,0.2345,0.2244,27.81
1222,1,0.1438,1.0,32,0.2786,0.3645,9.89
1162,2,0.8107,0.0,240,0.3836,0.145,57.44
1656,4,0.1944,0.0,3,0.8559,0.3523,48.61
2849,5,0.2465,0.0,2,0.7233,0.2073,41.15
1865,2,0.0749,0.5,38,0.1777,0.466,24.69
3505,3,0.0817,0.5,19,0.1387,0.3859,29.68
1561,2,0.2625,1.0,124,0.2583,0.5045,23.16
5947,17,0.7358,0.0,44,0.0915,0.2026,57.45
3445,2,0.2532,0.5,76,0.1563,0.3486,46.12
2355,3,0.3374,0.5,1,0.8565,0.2738,16.98
2856,11,0.3462,0.5,240,0.2548,0.3758,44.38
1251,6,0.2539,0.0,14,0.0425,0.4934,35.51
1634,1,0.1997,0.0,73,0.1797,0.5444,45.84
1583,1,0.1464,0.0,40,0.246,0.5668,44.72
1031,5,0.8003,1.0,6,0.6672,0.5353,12.36
546,0,0.1707,0.5,39,0.3536,0.4914,26.94
2969,9,0.0341,0.5,16,0.019,0.4267,33.26
3898,0,0.0314,0.5,0,0.8634,0.4111,21.72
2670,3,0.2135,0.5,166,0.1753,0.2216,42.58
1861,2,0.2302,0.0,94,0.185,0.4778,47.48
7764,17,0.7877,0.0,79,0.7638,0.4589,63.01
1135,5,0.1504,0.0,182,0.2189,0.4994,52.84
2416,2,0.1553,0.0,109,0.301,0.2578,50.08
4292,3,0.2555,1.0,10,0.399,0.3723,21.13
725,3,0.2876,1.0,44,0.4012,0.3501,6.09
3134,5,0.1076,1.0,32,0.1194,0.0954,12.61
6209,21,0.8417,0.5,84,0.8119,0.4797,49.91
1984,4,0.1111,0.5,113,0.2623,0.2031,42.93
2257,4,0.7727,0.5,42,0.2319,0.143,36.08
1141,3,0.7777,0.5,75,0.7335,0.2932,28.74
2832,4,0.8671,0.0,66,0.0409,0.4018,49.55
1008,0,0.0196,1.0,69,0.279,0.4161,16.64
1893,3,0.0679,1.0,29,0.0478,0.2561,10.61
476,1,0.8285,0.0,9,0.3059,0.2091,35.92
70,4,0.0651,0.5,35,0.2448,0.5139,30.16
1347,1,0.0495,1.0,101,0.2528,0.3819,17.23
1328,1,0.1023,1.0,34,0.3224,0.2617,3.89
1445,2,0.058,0.5,81,0.3707,0.538,23.05
3372,2,0.416,0.5,11,0.755,0.1011,16.31
3975,3,0.1902,0.5,143,0.0464,0.4691,38.66
2491,3,0.2127,0.5,62,0.0503,0.4204,34.09
3206,4,0.153,0.0,51,0.2887,0.3831,51.59
1035,3,0.5071,0.0,66,0.1886,0.5119,49.68
821,5,0.0783,0.5,33,0.4483,0.3353,18.88
2874,4,0.2505,0.5,21,0.2412,0.4634,28.52
715,5,0.1432,1.0,50,0.2037,0.2989,20.18
639,4,0.146,0.5,2,0.1756,0.5091,21.64
10495,18,0.128,0.5,186,0.3931,0.2628,63.24
2084,3,0.2863,0.5,2,0.498,0.5021,29.16
1329,3,0.6692,1.0,114,0.2926,0.4088,26.41
1204,2,0.2697,0.5,49,0.0431,0.2459,30.97
491,1,0.0084,0.5,49,0.438,0.4235,27.77
2453,6,0.9141,0.0,240,0.421,0.128,59.61
1558,2,0.2567,0.0,184,0.2223,0.4028,62.88
3897,2,0.7299,1.0,49,0.4759,0.2044,11.09
2939,4,0.8143,0.0,131,0.494,0.5287,59.47
1515,5,0.2401,0.5,48,0.436,0.2667,28.71
234,5,0.854,0.0,13,0.2123,0.266,41.57
2088,2,0.0985,0.5,16,0.3478,0.3417,20.36
1947,4,0.6707,1.0,10,0.8983,0.1714,15.09
174,4,0.6407,0.5,34,0.1577,0.2927,33.48
2699,4,0.2032,1.0,5,0.9106,0.5094,9.88
692,1,0.0253,0.0,69,0.7454,0.243,37.91
4038,3,0.0962,0.5,22,0.0318,0.4668,37.5
1855,2,0.7042,1.0,166,0.3789,0.2308,24.62
1174,6,0.2432,0.5,13,0.5519,0.2703,25.29
2317,2,0.0828,1.0,89,0.1392,0.444,16.69
2211,4,0.802,0.5,25,0.0728,0.1487,45.67
2150,2,0.1615,0.0,221,0.1166,0.5899,55.39
3675,4,0.2766,1.0,65,0.7378,0.453,22.29
2424,4,0.1107,0.5,43,0.6353,0.3555,19.51
1085,4,0.2313,0.5,0,0.5456,0.1226,18.03
1597,5,0.3219,0.0,50,0.4272,0.1953,43.18
5049,16,0.5962,0.5,34,0.4516,0.2644,39.99
1000,1,0.1209,0.5,39,0.1188,0.2497,24.29
2667,4,0.0785,0.0,138,0.6041,0.2732,50.45
3769,4,0.1282,1.0,46,0.2315,0.122,13.11
2857,3,0.1724,0.0,4,0.8223,0.4582,46.49
2098,4,0.7481,0.5,26,0.188,0.3222,27.83
2352,4,0.3071,0.0,110,0.2353,0.244,55.03
2989,4,0.2841,0.5,67,0.5734,0.4157,36.15
990,4,0.8446,0.5,71,0.258,0.5834,31.28
1956,3,0.2197,0.5,29,0.0775,0.6089,27.6
7735,10,0.0104,0.5,6,0.4448,0.4121,36.54
2728,4,0.1147,1.0,12,0.4331,0.224,19.75
2155,3,0.0894,1.0,132,0.3717,0.1508,17.92
1469,2,0.8335,1.0,82,0.5575,0.1826,37.38
1000,5,0.6252,0.5,54,0.2971,0.2182,35.92
2410,0,0.5715,1.0,112,0.0588,0.2036,24.02
2536,2,0.1175,0.0,50,0.4893,0.202,47.4
1856,4,0.8991,0.0,18,0.4834,0.4431,38.56
9794,21,0.0593,0.5,0,0.4636,0.2835,48.47
1079,6,0.3803,0.5,20,0.6125,0.5168,20.91
866,2,0.3034,0.5,26,0.0796,0.4831,31.51
1486,4,0.9387,0.5,34,0.1826,0.3438,31.13
1903,2,0.9147,0.5,51,0.0012,0.2316,31.43
954,5,0.2101,1.0,34,0.1691,0.3312,21.73
2367,1,0.123,0.0,43,0.4708,0.2237,41.3
2560,1,0.6975,0.5,26,0.1421,0.1147,23.63
3243,5,0.4838,0.0,93,0.3604,0.3223,57.87
1295,2,0.0411,0.0,95,0.2705,0.3439,39.25
4768,3,0.1567,1.0,51,0.1648,0.2201,25.74
3091,3,0.0239,0.0,83,0.1672,0.2776,47.83
1060,1,0.2906,0.0,91,0.2417,0.3705,39.95
950,2,0.1349,0.5,76,0.1654,0.1398,32.86
1570,5,0.6956,0.0,32,0.0049,0.3836,51.03
2565,3,0.3226,0.5,120,0.2698,0.3434,26.68
2841,2,0.25,1.0,137,0.0208,0.5299,24.34
3087,5,0.7136,1.0,86,0.2311,0.1915,25.61
7414,14,0.016,0.5,133,0.1634,0.5091,50.69
333,6,0.4873,0.5,43,0.0313,0.1345,29.3
1817,6,0.3981,1.0,72,0.11,0.5181,23.97
7012,22,0.0567,0.0,64,0.2872,0.1928,61.75
3348,4,0.0468,1.0,22,0.1907,0.4706,14.57
817,1,0.179,0.5,181,0.5787,0.2652,34.68
2280,6,0.8741,1.0,18,0.3167,0.516,20.23
1733,2,0.3209,0.0,90,0.1917,0.389,45.33
1684,0,0.0476,1.0,4,0.3465,0.0981,1.32
1275,7,0.0453,1.0,47,0.1204,0.2563,8.44
2143,3,0.5957,0.5,15,0.2172,0.3942,29.89
4185,1,0.1116,0.0,99,0.154,0.383,46.86
1373,2,0.8892,0.0,11,0.7059,0.406,42.92
3103,3,0.7305,1.0,8,0.708,0.386,22.15
3491,2,0.9184,0.5,59,0.3535,0.4648,37.02
4742,9,0.3302,1.0,2,0.8744,0.2783,16.96
935,3,0.4172,0.5,5,0.533,0.2337,23.23
2017,3,0.7197,0.0,35,0.3148,0.3031,53.71
1153,3,0.1331,1.0,116,0.1265,0.4854,27.38
2147,2,0.2943,1.0,2,0.6194,0.4495,7.62
2136,5,0.6845,0.5,44,0.3864,0.4605,37.63
734,2,0.3318,1.0,17,0.2614,0.3052,20.62
2243,4,0.078,0.5,34,0.1066,0.4065,23.16
7657,26,0.8366,0.0,240,0.1084,0.4702,87.95
2849,0,0.5929,0.0,201,0.2104,0.4913,52.17
595,0,0.0775,0.0,120,0.0037,0.3173,46.7
883,4,0.0829,0.5,2,0.2946,0.5239,22.97
1940,4,0.2458,0.0,80,0.4124,0.4393,38.97
902,6,0.1337,1.0,4,0.6935,0.4565,13.86
4573,2,0.1282,0.0,135,0.3463,0.392,55.42
524,3,0.2652,0.5,25,0.5801,0.4421,19.94
2863,6,0.0812,0.5,52,0.2411,0.3963,33.54
413,3,0.2001,0.0,47,0.5029,0.3475,45.25
1916,2,0.0989,0.5,13,0.1943,0.4663,16.84
785,1,0.0816,1.0,8,0.806,0.2778,0.0
3238,0,0.0885,1.0,8,0.6753,0.5281,9.44
4067,4,0.0491,0.0,157,0.1678,0.172,52.23
2559,7,0.9671,0.5,110,0.263,0.4264,50.45
4194,3,0.2338,0.0,60,0.1967,0.3614,47.79
115,4,0.0605,0.5,24,0.4556,0.1691,23.88
2221,4,0.3083,0.5,13,0.4473,0.2221,26.17
2834,7,0.5044,1.0,54,0.2252,0.4443,13.32
3098,2,0.7751,0.5,0,0.3971,0.2948,30.81
2716,3,0.0543,0.0,203,0.071,0.1905,51.02
3146,2,0.6475,1.0,93,0.59,0.4276,15.22
2203,4,0.1499,0.5,16,0.0755,0.582,23.13
601,2,0.3852,0.0,55,0.5665,0.5728,37.19
1267,5,0.2465,1.0,5,0.3917,0.2806,9.17
4588,1,0.4162,0.5,1,0.3175,0.3897,28.5
4246,4,0.0906,0.5,4,0.3507,0.431,30.42
2797,1,0.2941,0.0,21,0.1203,0.2435,35.64
3286,3,0.901,0.0,0,0.8449,0.2401,44.26
3912,2,0.188,0.0,213,0.0352,0.1368,58.63
2774,5,0.0133,1.0,8,0.6677,0.5472,11.82
4501,2,0.8593,0.0,19,0.3322,0.579,52.61
4401,4,0.6194,0.5,10,0.4152,0.5588,34.89
9218,16,0.0366,1.0,3,0.8131,0.5795,20.08
1312,2,0.0377,1.0,43,0.1873,0.281,11.29
1332,3,0.0404,1.0,32,0.1985,0.1471,7.78
2628,2,0.6264,1.0,16,0.4266,0.2136,21.23
6746,26,0.691,1.0,23,0.0353,0.5402,33.34
4740,4,0.1653,1.0,0,0.5112,0.4183,14.8
3572,3,0.8071,0.5,84,0.7528,0.4563,31.85
4958,1,0.1118,0.0,2,0.8687,0.237,38.11
2871,3,0.0503,0.0,240,0.575,0.3716,60.78
1585,3,0.1756,0.5,7,0.9199,0.5978,22.84
7842,21,0.1428,0.0,13,0.0802,0.6038,58.16
2722,3,0.34,0.5,1,0.4619,0.2177,17.87
4337,5,0.1678,0.0,41,0.5439,0.5636,43.88
113,4,0.062,0.5,3,0.8271,0.3701,18.34
155,2,0.3828,0.5,26,0.0503,0.5716,33.01
2274,3,0.2764,0.0,200,0.3235,0.2229,48.08
902,0,0.5956,0.5,11,0.6773,0.3464,19.29
2431,3,0.3251,0.0,92,0.0127,0.5321,41.86
1331,1,0.6375,0.5,96,0.3325,0.503,36.62
10080,17,0.21,0.0,46,0.1214,0.3791,69.81
4106,3,0.3681,0.5,80,0.7007,0.1332,36.34
5278,23,0.1167,1.0,8,0.2171,0.5051,26.11
206,0,0.2375,0.0,141,0.3547,0.1665,41.91
3539,2,0.0866,1.0,28,0.322,0.2436,15.21
1739,2,0.881,1.0,24,0.0541,0.5087,14.39
5346,17,0.5577,1.0,43,0.3442,0.367,27.89
3188,1,0.5694,1.0,21,0.5205,0.3118,17.48
1942,1,0.0646,0.5,6,0.456,0.15,20.92
668,7,0.9152,0.0,22,0.0669,0.2675,52.27
2241,1,0.2405,0.0,18,0.4085,0.5375,40.82
4519,2,0.8717,0.0,5,0.5173,0.4173,50.47
5551,15,0.1862,0.5,70,0.2213,0.2516,51.25
1502,2,0.073,1.0,60,0.1393,0.5746,16.74
9045,20,0.1598,0.0,106,0.5063,0.3625,62.12
4283,6,0.1682,0.5,13,0.1067,0.3524,29.71
920,3,0.1176,1.0,40,0.678,0.3714,14.06
733,1,0.0087,0.0,84,0.3754,0.1703,47.01
1827,2,0.13,0.0,45,0.0276,0.1996,43.14
1499,1,0.2117,0.0,30,0.3536,0.4153,33.39
2887,5,0.1153,0.0,202,0.2749,0.3983,54.36
2066,1,0.6431,0.5,3,0.5877,0.5235,28.46
1605,5,0.0359,0.5,60,0.2086,0.4461,32.82
441,4,0.2,0.5,63,0.5288,0.4184,32.72
3257,3,0.1609,0.0,11,0.3875,0.31,32.34
399,6,0.0179,0.5,22,0.2103,0.2698,28.88
4293,5,0.1272,0.0,52,0.503,0.4028,55.29
240,2,0.1347,0.5,3,0.5549,0.4619,8.92
373,1,0.6374,0.0,240,0.2344,0.2331,59.96
916,2,0.1052,1.0,30,0.3157,0.34,13.41
1390,11,0.1697,0.5,38,0.0802,0.3199,24.43
1158,7,0.6111,0.0,57,0.129,0.3282,46.9
1385,3,0.1667,0.5,0,0.9931,0.442,24.29
2467,2,0.8443,0.5,12,0.0526,0.3378,30.05
936,1,0.7499,1.0,41,0.5731,0.2357,12.07
2485,4,0.6572,1.0,19,0.0379,0.4634,19.3
116,1,0.74,0.0,17,0.136,0.4921,37.11
903,7,0.1358,0.5,5,0.7139,0.2782,18.02
351,1,0.1858,0.0,14,0.2127,0.343,40.26
4259,5,0.5278,1.0,79,0.1532,0.2608,29.27
1053,1,0.0583,0.0,116,0.5541,0.2165,46.81
3114,3,0.1364,0.5,9,0.3525,0.2373,33.63
280,1,0.8819,1.0,4,0.4954,0.2961,13.36
5490,16,0.1121,0.5,0,0.4595,0.4685,44.49
2160,1,0.6646,1.0,3,0.6222,0.3529,12.57
1974,3,0.0987,0.0,76,0.1864,0.3637,47.51
447,4,0.054,1.0,35,0.0151,0.6061,13.84
800,2,0.2295,1.0,4,0.5483,0.3665,4.27
1647,2,0.474,0.5,30,0.0068,0.4811,26.57
830,4,0.6753,0.0,38,0.1686,0.3093,41.68
3972,1,0.1902,0.5,6,0.8317,0.3638,23.13
2110,2,0.7305,0.5,16,0.5504,0.2893,39.71
840,3,0.3445,0.0,71,0.3384,0.4874,54.78
3556,4,0.2933,1.0,140,0.1341,0.3615,24.82
1472,2,0.3076,1.0,87,0.2955,0.3043,14.79
3443,3,0.9545,1.0,61,0.0287,0.3441,14.13
1280,4,0.2915,0.0,2,0.9092,0.2474,32.74
2960,1,0.084,0.5,40,0.1094,0.263,24.74
1429,5,0.0673,0.0,43,0.4642,0.4317,40.19
3973,3,0.1783,0.0,67,0.5506,0.502,45.58
288,4,0.0444,0.0,103,0.0534,0.3269,47.23
614,3,0.8678,0.0,43,0.1456,0.3191,51.29
1769,2,0.4273,0.5,14,0.7585,0.2631,21.65
1096,1,0.3163,0.0,6,0.6027,0.4819,45.58
1392,3,0.1777,0.0,98,0.2568,0.5395,49.72
3210,4,0.2265,0.5,3,0.3395,0.3652,32.57
1367,2,0.1104,1.0,38,0.3896,0.1995,8.17
2551,3,0.3321,1.0,4,0.8869,0.4063,13.13
897,2,0.2578,0.5,41,0.5009,0.391,28.41
214,5,0.6209,0.0,74,0.4397,0.1941,54.1
3428,1,0.0797,0.5,172,0.0234,0.4588,44.73
6340,11,0.119,0.5,20,0.0957,0.476,42.5
2356,0,0.1288,0.0,52,0.3436,0.2681,40.08
1848,7,0.3006,0.0,195,0.1172,0.5474,66.25
2170,3,0.0662,1.0,13,0.184,0.4471,4.94
4983,3,0.7594,0.0,70,0.4685,0.3698,52.07
2377,6,0.356,0.0,52,0.2238,0.4289,49.85
3547,3,0.0408,0.0,42,0.1045,0.1726,39.56
3436,0,0.8847,1.0,59,0.4484,0.3536,16.37
4210,2,0.9652,0.5,27,0.0668,0.57,33.81
1816,1,0.9134,1.0,35,0.1353,0.1861,19.66
1265,6,0.8315,1.0,50,0.0009,0.5121,20.58
2985,6,0.086,1.0,29,0.3128,0.5429,20.19
4004,4,0.1095,0.0,38,0.4198,0.3304,55.4
4541,1,0.135,0.5,21,0.1937,0.3415,31.5
5404,24,0.1364,1.0,24,0.544,0.5883,21.47
3755,3,0.249,1.0,44,0.3484,0.202,18.46
1205,1,0.0503,1.0,47,0.2485,0.3362,6.36
2353,3,0.4654,1.0,47,0.3612,0.1638,15.78
2197,3,0.0813,0.5,43,0.1624,0.3023,40.95
2017,2,0.1207,0.5,43,0.0412,0.2059,27.34
2989,5,0.1283,0.5,72,0.3486,0.1844,34.13
1684,5,0.2246,0.5,2,0.7351,0.4298,23.76
1686,4,0.1026,0.0,131,0.336,0.5205,48.69
6599,19,0.1934,0.5,52,0.0732,0.5643,47.08
1893,4,0.324,0.0,151,0.1559,0.359,48.4
4189,0,0.1671,0.0,0,0.9553,0.2771,38.5
4358,3,0.2228,0.5,2,0.4234,0.1899,21.79
2403,1,0.1262,0.5,7,0.6148,0.2575,31.13
1741,1,0.3774,0.5,69,0.1716,0.2496,36.17
932,5,0.1765,0.5,133,0.1802,0.4899,32.41
392,1,0.2577,1.0,31,0.3666,0.442,0.38
3145,5,0.1829,0.5,40,0.1642,0.2532,34.04
2700,5,0.4793,0.5,20,0.0869,0.1411,31.31
3484,5,0.0781,0.5,7,0.2628,0.2403,39.35
1336,3,0.3704,0.0,82,0.408,0.4225,54.16
7047,20,0.2987,0.5,58,0.2683,0.5119,49.22
2878,3,0.0566,1.0,81,0.5062,0.3204,13.78
1836,2,0.1774,0.0,47,0.581,0.267,40.56
196,2,0.0427,1.0,12,0.4555,0.5371,7.96
1467,4,0.1159,0.0,63,0.3551,0.3247,45.92
3602,4,0.1823,0.5,47,0.3989,0.2684,28.02
5310,20,0.082,1.0,126,0.4275,0.4462,24.43
2072,1,0.6194,1.0,44,0.1411,0.5751,27.38
5902,26,0.575,0.5,41,0.4974,0.3035,44.56
867,1,0.7888,0.5,21,0.1371,0.4853,32.03
2761,4,0.4225,0.0,30,0.579,0.4228,41.12
2818,3,0.9449,0.5,91,0.1889,0.2449,47.14
3164,1,0.0702,0.5,24,0.6184,0.4486,31.41
2296,2,0.5768,0.0,227,0.1752,0.2159,62.6
2650,4,0.6454,0.0,22,0.3139,0.2269,47.86
847,1,0.0325,1.0,21,0.6012,0.3839,8.09
4968,1,0.0436,0.0,160,0.1232,0.4637,57.85
3905,8,0.0028,1.0,4,0.693,0.5969,16.47
2573,2,0.0825,0.0,21,0.6541,0.2818,41.81
3969,2,0.766,0.5,15,0.3237,0.1986,32.41
5076,13,0.2011,0.5,10,0.6707,0.4425,28.42
3131,3,0.3524,0.5,35,0.2104,0.2807,31.32
7554,17,0.1339,0.5,22,0.3345,0.375,44.94
3320,4,0.8097,0.5,7,0.3232,0.1802,36.18
977,2,0.834,0.5,7,0.7493,0.4647,33.84
2478,1,0.1699,1.0,41,0.4187,0.2075,19.44
4078,6,0.3151,0.5,171,0.4667,0.4019,48.33
5079,22,0.8112,0.5,38,0.0357,0.2882,46.79
2334,5,0.1845,0.5,31,0.4577,0.2774,30.12
906,4,0.3475,0.5,0,0.3072,0.1812,21.71
1710,5,0.3706,0.0,99,0.6512,0.2598,52.69
565,0,0.1287,0.0,37,0.6232,0.3886,44.35
3566,3,0.0332,1.0,155,0.0528,0.4271,30.89
1451,3,0.3144,1.0,13,0.0303,0.3062,15.08
1121,4,0.1782,0.0,240,0.0591,0.5787,59.56
3815,5,0.7773,0.0,34,0.23,0.605,50.97
5823,19,0.7519,1.0,103,0.0767,0.2675,35.4
1117,3,0.0171,0.5,38,0.1502,0.2245,22.08
2345,4,0.2356,0.5,97,0.3344,0.4977,36.38
1769,1,0.0579,0.5,48,0.147,0.3464,13.38
5239,19,0.0868,0.5,48,0.0955,0.259,37.52
1934,2,0.1511,0.5,20,0.4439,0.4377,25.97
828,2,0.4132,1.0,239,0.1861,0.312,42.3
2008,3,0.7763,0.5,27,0.3488,0.3109,31.86
4514,2,0.238,0.5,22,0.217,0.3772,31.73
1686,3,0.1839,0.0,3,0.5741,0.2145,34.2
1223,3,0.1418,0.0,17,0.0272,0.4397,49.89
1866,5,0.026,1.0,17,0.6042,0.2704,5.51
853,3,0.7979,1.0,18,0.1359,0.4179,25.67
1767,4,0.2942,1.0,121,0.226,0.283,17.6
1305,2,0.1271,0.0,159,0.2386,0.2603,55.97
8468,13,0.9693,1.0,23,0.0333,0.2912,33.96
265,1,0.4424,0.0,26,0.3845,0.2644,37.09
973,1,0.1961,0.5,25,0.2879,0.1658,29.17
1222,5,0.2019,0.5,58,0.3899,0.2943,35.9
859,2,0.1318,0.5,9,0.8591,0.3268,19.85
2780,0,0.9086,0.5,48,0.009,0.3936,35.93
1099,4,0.1317,1.0,5,0.8772,0.114,4.05
502,2,0.1157,1.0,35,0.3508,0.1597,9.87
2189,5,0.1421,0.0,45,0.0442,0.4086,40.56
1608,3,0.6292,0.0,57,0.0005,0.2662,35.28
1146,3,0.2088,0.5,66,0.5733,0.2459,18.66
5151,21,0.1374,0.0,162,0.7119,0.2479,61.79
2849,5,0.1824,0.0,11,0.6497,0.1997,36.22
2621,2,0.1836,0.0,45,0.2967,0.3273,43.79
2896,4,0.4006,0.0,44,0.4483,0.0865,43.58
2788,3,0.1037,0.5,77,0.297,0.3093,28.59
1675,4,0.0633,1.0,28,0.1286,0.141,8.27
1110,7,0.3035,1.0,39,0.5571,0.5924,19.28
2226,4,0.1345,0.5,14,0.238,0.21,27.78
1651,4,0.1613,0.0,13,0.0662,0.1725,49.18
260,7,0.0254,0.5,35,0.1299,0.3985,27.11
789,0,0.2136,0.5,12,0.5073,0.2205,12.11
1485,4,0.1034,1.0,40,0.4781,0.3886,6.64
3872,4,0.7073,0.5,14,0.3459,0.3151,34.39
2234,4,0.8033,0.5,3,0.6004,0.17,30.69
939,3,0.2002,0.0,240,0.0314,0.3307,56.59
724,4,0.0375,1.0,34,0.0959,0.2209,6.61
4457,3,0.0683,1.0,26,0.3673,0.4226,12.39
1739,5,0.3526,0.5,176,0.6024,0.4816,40.15
35,1,0.1561,1.0,21,0.0551,0.3305,8.08
1829,3,0.2624,0.0,240,0.4422,0.4345,54.68
3306,1,0.0262,0.0,29,0.0589,0.2155,44.28
702,2,0.1325,1.0,30,0.4056,0.5703,11.0
2106,4,0.169,0.5,155,0.4956,0.5497,37.87
2261,0,0.0663,0.0,70,0.3586,0.2598,40.02
745,1,0.0821,0.0,13,0.3813,0.4008,40.52
4737,6,0.0356,0.0,153,0.2242,0.2752,64.39
2291,5,0.1378,0.0,104,0.1319,0.4703,48.68
1478,6,0.5173,0.5,12,0.0138,0.2797,27.16
1748,1,0.1051,0.0,35,0.3995,0.2472,42.64
611,2,0.1454,0.5,51,0.2321,0.319,20.6
585,4,0.7614,0.5,128,0.4503,0.4121,31.76
1365,3,0.2156,1.0,66,0.609,0.3066,10.23
1438,1,0.0938,1.0,9,0.4661,0.457,9.45
1657,3,0.077,0.0,116,0.1238,0.1359,44.04
5024,20,0.1903,0.0,42,0.593,0.2503,53.3
3180,2,0.4657,0.0,41,0.2869,0.5551,37.91
317,1,0.724,0.5,5,0.5219,0.1293,27.62
4389,2,0.1348,0.5,6,0.8311,0.3418,33.79
1356,5,0.1126,0.0,189,0.1344,0.1635,50.76
3400,4,0.0293,0.5,126,0.3151,0.3534,39.4
1450,3,0.7412,1.0,139,0.0699,0.5397,25.72
2181,4,0.2571,0.0,14,0.2144,0.3675,43.61
659,3,0.1354,0.0,55,0.2914,0.1665,40.36
2558,2,0.1435,1.0,36,0.1065,0.1991,12.06
3677,0,0.1742,1.0,26,0.2056,0.391,9.87
395,5,0.1278,0.0,1,0.9511,0.5999,30.74
3717,1,0.1915,0.5,94,0.169,0.4273,41.16
1105,4,0.5086,0.0,3,0.4844,0.3139,32.74
6129,14,0.0615,0.5,19,0.0408,0.3426,38.11
3445,1,0.9024,1.0,13,0.151,0.3429,18.65
3033,3,0.4184,0.0,153,0.1756,0.2927,56.58
1756,2,0.1061,0.0,212,0.2186,0.2343,59.59
9488,16,0.6323,0.5,2,0.6398,0.2417,42.99
1364,3,0.1363,0.5,0,0.6566,0.3122,25.43
807,3,0.1153,1.0,3,0.7752,0.3171,15.79
1140,2,0.2325,0.5,42,0.0843,0.3566,27.23
4147,3,0.0675,1.0,124,0.083,0.2661,13.58
2149,2,0.1276,1.0,20,0.4924,0.3385,9.6
1913,7,0.8832,0.5,49,0.1624,0.232,35.54
1381,1,0.1677,0.0,112,0.0791,0.3719,50.29
1836,1,0.4158,0.0,16,0.0364,0.4459,33.44
1302,1,0.053,0.5,13,0.3671,0.4133,24.57
3239,5,0.1131,0.0,185,0.8034,0.4997,54.35
1626,4,0.2773,0.0,15,0.3032,0.1942,45.54
1159,4,0.0528,0.0,95,0.1479,0.5166,44.61
3910,0,0.797,1.0,30,0.2911,0.4195,23.83
831,5,0.178,0.5,12,0.3706,0.2677,17.03
2173,3,0.4055,1.0,18,0.0322,0.3388,14.83
258,2,0.1294,1.0,36,0.3488,0.2592,3.98
535,4,0.5464,1.0,3,0.7317,0.4861,7.58
1486,3,0.269,0.5,194,0.0871,0.4006,55.74
1281,4,0.1953,0.5,61,0.0121,0.3512,26.01
1280,2,0.2049,1.0,41,0.4123,0.1895,9.24
3467,8,0.1178,1.0,21,0.3087,0.3589,10.39
3611,2,0.0657,1.0,65,0.2881,0.4497,15.62
2499,3,0.3805,0.5,12,0.3034,0.3491,27.78
790,2,0.0982,1.0,22,0.2674,0.5218,5.76
1825,0,0.58,0.5,17,0.1901,0.1968,35.81
6708,20,0.8456,0.5,144,0.1266,0.5897,63.6
8885,12,0.7237,0.0,222,0.2411,0.3276,73.75
3936,3,0.5776,0.0,55,0.3074,0.5531,55.77
820,1,0.7241,0.0,175,0.0216,0.3936,54.94
1837,1,0.0523,1.0,66,0.0621,0.292,7.96
2379,3,0.5045,0.0,126,0.4565,0.2425,49.3
2119,8,0.7333,1.0,207,0.2617,0.2963,28.01
4223,2,0.3238,0.0,69,0.093,0.1636,55.2
3361,1,0.1204,0.0,34,0.604,0.5403,38.72
778,6,0.1692,0.5,44,0.0286,0.3332,35.56
1184,3,0.3033,0.0,57,0.7637,0.4577,43.66
3925,3,0.0595,0.0,70,0.2705,0.476,46.67
5136,10,0.6944,0.0,9,0.8875,0.4936,48.91
2401,3,0.3247,0.5,27,0.3227,0.4267,38.09
5567,25,0.3362,0.0,12,0.0171,0.2882,56.3
2201,3,0.0361,0.5,31,0.5545,0.2103,22.92
913,0,0.4471,0.0,110,0.5541,0.3763,51.45
3149,4,0.1047,0.0,44,0.0866,0.5678,50.01
11470,21,0.0106,0.0,59,0.3376,0.2923,60.52
616,4,0.0218,0.0,13,0.3259,0.5803,38.72
5427,12,0.0459,1.0,12,0.2896,0.1634,10.07
3023,5,0.0909,0.5,28,0.4027,0.2258,28.45
1123,3,0.831,0.5,104,0.2161,0.3922,39.56
266,3,0.3571,1.0,3,0.9013,0.3634,8.76
149,3,0.0061,0.0,10,0.5307,0.1342,29.9
1277,2,0.8532,1.0,92,0.4685,0.5908,17.82
2679,1,0.7012,1.0,98,0.1048,0.3459,24.6
3728,0,0.0929,1.0,9,0.7866,0.3198,15.77
4339,2,0.2302,1.0,45,0.141,0.2695,18.53
2507,1,0.0575,0.0,240,0.2787,0.5444,56.87
2227,1,0.0247,0.5,24,0.4035,0.2254,29.32
1527,5,0.9004,0.5,0,0.5136,0.396,30.98
2726,1,0.1064,0.5,67,0.0276,0.4497,32.61
1138,4,0.8212,0.0,240,0.2433,0.3859,68.61
649,2,0.2704,0.0,67,0.2669,0.3049,43.19
2124,0,0.0536,1.0,92,0.2255,0.1391,10.48
3532,6,0.2501,0.5,7,0.5606,0.4933,28.85
516,0,0.146,0.0,208,0.2208,0.2128,58.68
1277,5,0.0197,0.0,74,0.0857,0.2432,54.75
2064,3,0.7382,0.5,42,0.3379,0.5,27.39
2031,4,0.7684,0.0,113,0.0262,0.3926,64.18
2966,1,0.8486,0.0,240,0.1273,0.368,64.99
6582,26,0.3388,1.0,9,0.8859,0.2403,24.33
151,1,0.1573,0.0,29,0.1078,0.4274,47.78
6778,23,0.329,0.0,225,0.4895,0.5158,72.4
6388,15,0.0723,0.5,37,0.2954,0.3205,38.07
3772,4,0.1992,0.0,51,0.1912,0.3322,45.12
2367,1,0.1886,0.0,63,0.5986,0.3648,44.09
1158,2,0.4881,0.5,70,0.1817,0.2726,33.31
3739,0,0.0755,0.5,114,0.2096,0.432,32.36
2460,3,0.0328,0.5,95,0.3333,0.4768,40.12
1555,3,0.2096,1.0,128,0.134,0.4883,17.62
3672,3,0.0335,1.0,7,0.3806,0.3699,14.54
4123,2,0.251,0.5,14,0.0085,0.5605,31.82
5109,14,0.1074,0.5,10,0.2996,0.2502,41.02
1047,2,0.0531,1.0,1,0.3544,0.4884,3.28
4669,3,0.3752,0.0,240,0.3329,0.3822,68.95
1579,7,0.1413,0.5,12,0.213,0.5632,40.07
2372,3,0.2434,0.0,12,0.0239,0.5064,36.6
2728,5,0.0269,0.0,240,0.3959,0.4843,56.58
4413,3,0.9249,1.0,14,0.124,0.3145,32.28
3412,3,0.1019,0.0,3,0.8256,0.205,38.88
1533,4,0.083,0.5,50,0.0709,0.4943,30.13
182,3,0.1322,0.0,27,0.6322,0.4859,36.37
2941,2,0.3766,0.5,129,0.1369,0.2418,47.11
2299,4,0.135,1.0,79,0.5042,0.2886,8.25
607,3,0.3026,0.5,3,0.8518,0.1305,27.34
2509,4,0.477,1.0,44,0.4965,0.179,8.8
2044,0,0.0136,0.5,21,0.6986,0.2979,14.53
5075,27,0.284,1.0,76,0.2902,0.4642,24.6
7086,13,0.0871,1.0,83,0.18,0.5044,29.29
4052,3,0.1404,0.0,177,0.5548,0.5057,53.84
1952,2,0.4783,1.0,7,0.2016,0.2077,8.61
2190,0,0.122,0.0,206,0.0982,0.4422,52.09
1014,2,0.7901,0.5,15,0.0408,0.3329,25.54
1195,2,0.9282,0.0,17,0.2453,0.1095,40.51
1864,3,0.1696,0.5,11,0.4319,0.4879,26.78
1711,3,0.0259,1.0,7,0.6831,0.1582,3.69
571,1,0.6119,1.0,133,0.3585,0.2434,7.4
5111,18,0.3137,0.5,53,0.1451,0.274,41.66
5600,24,0.3331,1.0,124,0.4957,0.3204,37.39
5000,2,0.03,0.5,200,0.3223,0.2452,43.29
5728,17,0.2458,0.0,164,0.2006,0.2009,59.59
8458,25,0.3033,1.0,137,0.1916,0.4464,44.72
1032,1,0.0605,0.0,23,0.3691,0.176,30.81
8220,13,0.216,1.0,6,0.3501,0.101,22.94
1525,2,0.184,0.0,40,0.5958,0.2337,40.55
3265,2,0.0029,0.0,143,0.3747,0.4886,57.74
432,4,0.8183,0.5,50,0.7685,0.2028,32.83
1365,3,0.1236,0.5,49,0.5168,0.4444,28.29
4133,2,0.0496,0.0,146,0.076,0.2804,59.64
3378,5,0.8069,0.0,29,0.346,0.2875,44.64
1501,6,0.142,0.0,36,0.0543,0.2023,51.84
2189,4,0.0208,1.0,42,0.244,0.4548,0.0
1244,4,0.0636,0.5,55,0.176,0.3556,35.64
4125,0,0.6907,0.0,32,0.1051,0.2018,45.05
5343,14,0.0151,0.0,14,0.1958,0.2698,52.16
1036,0,0.4354,0.0,59,0.1743,0.2972,51.56
2020,6,0.0664,0.5,58,0.133,0.498,34.41
547,4,0.0703,0.5,45,0.7839,0.1038,25.24
2453,3,0.178,0.0,73,0.2754,0.2941,51.2
3023,4,0.0775,1.0,29,0.3859,0.2438,5.84
2605,4,0.1063,0.0,108,0.0262,0.2933,44.29
2852,5,0.3288,0.5,106,0.0943,0.5701,40.36
1855,2,0.4356,1.0,8,0.3911,0.4859,11.15
1890,4,0.1771,0.5,134,0.2634,0.5865,35.85
1821,2,0.5432,0.0,165,0.2486,0.5033,62.83
1330,6,0.5957,0.5,28,0.0756,0.5704,38.39
1475,4,0.0813,0.5,88,0.0929,0.3036,27.35
2924,2,0.6938,1.0,88,0.1721,0.2908,25.15
5115,22,0.0269,0.5,26,0.5238,0.2909,28.87
873,1,0.6369,1.0,6,0.6953,0.1517,1.28
1884,1,0.7729,0.5,49,0.2053,0.4688,29.03
704,1,0.5423,1.0,13,0.4633,0.3551,10.04
1351,0,0.742,0.0,46,0.0795,0.4289,43.72
1549,2,0.7002,1.0,30,0.1172,0.5364,19.08
2324,2,0.0893,0.0,81,0.0979,0.2382,46.58
2275,4,0.0648,0.5,8,0.6789,0.1982,29.4
2006,1,0.1815,0.5,102,0.442,0.332,34.75
2752,0,0.2288,1.0,20,0.1525,0.4951,7.77
955,2,0.0577,0.5,70,0.2436,0.1245,31.79
2339,2,0.102,0.0,221,0.677,0.2496,51.86
3447,1,0.8079,1.0,14,0.3045,0.2376,19.43
944,3,0.6469,1.0,70,0.4067,0.3948,15.17
341,2,0.1908,0.5,70,0.1848,0.1727,34.32
4102,4,0.0477,0.5,20,0.0514,0.1669,33.81
727,3,0.5456,0.5,58,0.2578,0.2118,27.04
1294,5,0.1086,1.0,0,0.5401,0.2011,5.99
3377,3,0.2629,0.0,26,0.3278,0.5015,61.93
899,2,0.8053,1.0,4,0.4933,0.2968,5.88
3909,4,0.3288,0.5,14,0.4441,0.5688,27.62
1136,0,0.3347,1.0,53,0.1376,0.3245,10.06
1014,0,0.0612,0.5,16,0.0099,0.175,17.2
707,2,0.0744,0.0,19,0.0836,0.3139,33.69
1145,3,0.238,1.0,72,0.0566,0.1698,15.04
3063,2,0.8063,1.0,23,0.1515,0.1857,20.8
1295,3,0.7261,1.0,79,0.1357,0.3266,12.51
4114,6,0.4245,0.0,240,0.5475,0.2717,63.28
2069,2,0.0943,0.5,98,0.3911,0.3786,27.92
2211,1,0.0484,1.0,23,0.2591,0.1265,3.98
986,1,0.7389,0.5,16,0.4979,0.48,32.81
4535,4,0.8696,0.0,4,0.7013,0.2214,44.86
3467,1,0.589,0.0,60,0.0306,0.4869,44.48
3398,7,0.0817,0.0,54,0.2797,0.3481,52.51
1771,1,0.1218,0.0,142,0.4199,0.3337,55.84
622,3,0.2401,0.5,22,0.1654,0.3012,26.71
2301,3,0.1097,1.0,1,0.7133,0.2088,3.35
2970,2,0.2875,0.5,24,0.5282,0.5182,27.3
2992,0,0.1167,0.0,139,0.2837,0.5516,48.75
2710,2,0.293,0.5,8,0.7254,0.5229,25.94
2629,1,0.1893,0.5,52,0.6004,0.3665,32.01
1131,1,0.5666,1.0,101,0.3867,0.5062,19.18
1181,6,0.4387,1.0,92,0.0239,0.3917,21.12
714,6,0.0265,0.0,91,0.1423,0.2309,43.46
4146,2,0.0676,1.0,17,0.4488,0.4394,16.71
6875,22,0.1096,0.0,91,0.1534,0.382,64.3
11332,22,0.1878,1.0,45,0.0377,0.2906,27.67
2421,2,0.2035,1.0,53,0.0503,0.1672,6.47
2634,0,0.0205,1.0,3,0.8887,0.3014,4.5
1828,5,0.6855,0.0,24,0.4375,0.3943,51.27
2393,4,0.1751,0.0,183,0.0371,0.446,63.64
896,4,0.4576,0.0,21,0.1453,0.3289,47.1
1799,5,0.0909,0.0,28,0.1772,0.2978,41.94
1022,6,0.9352,0.0,15,0.2824,0.317,54.49
1618,2,0.4092,0.0,72,0.0589,0.1523,43.58
1101,6,0.2651,0.5,49,0.4896,0.2771,27.12
2972,4,0.0722,0.0,17,0.1602,0.3018,36.08
3241,2,0.6336,0.5,205,0.2915,0.3946,45.84
2575,1,0.6684,1.0,84,0.4183,0.1518,15.61
1185,5,0.1991,0.0,19,0.2836,0.4329,49.45
666,4,0.0214,0.5,2,0.6797,0.4033,27.62
3267,3,0.2752,1.0,2,0.5833,0.3874,12.45
2061,5,0.4454,0.5,22,0.0392,0.5467,34.1
324,4,0.2413,0.5,107,0.0234,0.3403,30.27
2287,5,0.1616,1.0,144,0.3204,0.6044,11.4
2648,4,0.5751,0.5,8,0.618,0.2365,25.08
461,3,0.9725,0.5,32,0.507,0.2608,34.2
3009,2,0.1188,1.0,221,0.3218,0.1481,30.73
541,1,0.0832,1.0,13,0.3512,0.6158,5.63
1075,4,0.8166,0.5,30,0.7004,0.2049,33.31
545,0,0.2684,0.5,14,0.2851,0.2825,20.58
977,2,0.015,1.0,9,0.3264,0.454,1.84
671,5,0.1217,0.5,27,0.5664,0.3134,28.16
4128,4,0.0314,0.5,120,0.4619,0.2769,34.03
1696,2,0.5467,0.0,69,0.136,0.1591,53.01
1419,4,0.1318,0.0,115,0.4188,0.2753,38.14
4398,3,0.8052,0.5,61,0.3087,0.5449,36.9
4245,4,0.6676,1.0,21,0.0396,0.392,24.14
1514,0,0.1223,0.5,13,0.2859,0.2646,25.7
2538,2,0.046,1.0,194,0.3068,0.1634,23.92
1265,2,0.7865,1.0,154,0.1738,0.3585,28.05
1906,0,0.0193,1.0,73,0.2135,0.4532,14.62
795,2,0.4778,1.0,1,0.7629,0.4496,1.08
2812,3,0.1221,0.0,87,0.0962,0.1908,46.77
4516,2,0.8196,0.5,178,0.1771,0.3918,50.52
3988,1,0.0963,0.0,5,0.9819,0.1042,41.25
2135,3,0.1143,0.5,42,0.3379,0.4834,28.24
287,5,0.1834,0.0,123,0.1478,0.1672,45.8
1215,4,0.2361,1.0,17,0.2413,0.3085,4.59
1904,2,0.2627,1.0,38,0.0441,0.3966,18.22
587,4,0.1292,0.0,131,0.2305,0.2428,51.92
488,3,0.1016,0.5,56,0.336,0.5014,31.88
5369,20,0.0577,0.5,77,0.1278,0.2884,37.4
3672,4,0.2289,1.0,47,0.3983,0.3487,17.9
2970,2,0.1439,1.0,76,0.1089,0.3813,14.68
3382,4,0.124,0.0,31,0.4509,0.4411,44.94
693,2,0.0875,0.0,116,0.8709,0.1278,57.95
948,2,0.4438,1.0,93,0.2268,0.2074,22.11
2427,4,0.2715,0.0,2,0.5999,0.4496,37.53
2568,2,0.121,1.0,35,0.1964,0.51,12.64
552,3,0.3222,0.0,171,0.2824,0.2161,50.94
2301,6,0.1156,0.5,38,0.2664,0.2398,30.11
1931,1,0.2233,0.5,1,0.3927,0.501,16.9
3901,4,0.0575,1.0,0,0.784,0.5069,12.94
2577,0,0.1599,0.0,69,0.4279,0.2743,33.85
5781,15,0.6993,1.0,72,0.5076,0.2176,21.84
1521,2,0.0634,1.0,63,0.2427,0.2678,23.13
740,5,0.0458,1.0,14,0.1275,0.3971,8.09
5680,23,0.6511,1.0,81,0.3889,0.3296,40.17
2676,2,0.1398,1.0,164,0.3756,0.4007,19.89
1940,2,0.048,1.0,28,0.1382,0.4164,1.14
981,6,0.1286,0.5,62,0.2477,0.5526,25.16
1535,2,0.7957,1.0,5,0.5884,0.2993,26.32
1470,6,0.703,1.0,80,0.1981,0.2419,14.53
708,1,0.7732,0.5,13,0.4484,0.3494,36.09
188,3,0.2628,0.0,115,0.5348,0.3453,48.11
1442,5,0.1167,0.0,4,0.3982,0.2881,39.99
3442,2,0.0278,1.0,67,0.1779,0.5855,13.84
4778,5,0.3362,1.0,2,0.9435,0.2295,9.68
4005,5,0.1306,0.0,221,0.0192,0.1449,65.76
4165,2,0.0486,1.0,1,0.9615,0.1443,15.59
792,4,0.2413,0.0,54,0.1058,0.5179,45.84
2461,3,0.4774,0.5,107,0.1898,0.5224,41.83
2986,5,0.1376,1.0,39,0.4609,0.5137,13.35
3123,1,0.2417,1.0,0,0.2787,0.1849,21.94
1907,6,0.6239,0.5,11,0.7916,0.2348,29.73
2244,5,0.1981,1.0,56,0.5978,0.3757,25.34
3925,3,0.4777,1.0,3,0.8119,0.3461,9.07
2910,5,0.0628,1.0,19,0.1426,0.2778,13.42
3300,4,0.536,1.0,15,0.1421,0.3785,22.94
1388,2,0.0324,0.5,47,0.1033,0.4039,27.99
3180,1,0.8489,0.0,12,0.4358,0.385,49.59
2221,3,0.2161,0.0,4,0.8071,0.277,33.97
3657,8,0.1043,0.0,46,0.5153,0.1923,45.05
1131,3,0.4188,0.0,179,0.2108,0.2677,51.22
3454,4,0.0457,0.0,37,0.3412,0.2483,44.13
1553,3,0.5806,0.0,43,0.0945,0.4929,46.46
3465,2,0.0527,0.5,21,0.4467,0.4138,24.75
2472,5,0.2665,0.0,17,0.4996,0.6016,47.09
2101,0,0.0571,0.5,92,0.0893,0.4359,26.25
1621,1,0.3,0.0,58,0.439,0.1631,32.42
1946,2,0.2235,0.0,154,0.2292,0.3098,50.02
1445,5,0.4123,0.5,30,0.4068,0.3808,39.93
1595,6,0.0813,1.0,26,0.0249,0.2075,15.46
2855,6,0.5207,1.0,36,0.2056,0.4632,15.17
389,2,0.2196,0.5,55,0.1775,0.5782,30.23
3432,6,0.2759,1.0,72,0.1255,0.4944,21.15
3472,4,0.2206,1.0,10,0.3792,0.2542,15.54
1661,5,0.0702,0.0,96,0.0454,0.2839,52.85
2287,4,0.3078,0.0,19,0.6637,0.3031,43.05
889,2,0.1004,0.5,62,0.2599,0.376,28.14
2724,0,0.232,0.5,129,0.4849,0.1964,42.23
993,7,0.131,1.0,33,0.3581,0.2072,14.7
55,0,0.2316,0.0,101,0.3522,0.3211,44.89
4655,4,0.3814,1.0,13,0.4131,0.449,17.77
799,5,0.2033,0.5,57,0.4003,0.1902,25.3
1914,6,0.4188,1.0,64,0.4464,0.353,11.83
2352,3,0.034,0.5,16,0.4464,0.26,28.36
2850,6,0.2708,0.0,27,0.2181,0.3548,52.65
2046,4,0.3786,0.5,49,0.247,0.4542,34.01
2507,4,0.0622,0.0,22,0.2772,0.6092,46.03
1630,3,0.0229,0.0,240,0.1243,0.2284,54.14
473,5,0.0935,1.0,21,0.0803,0.1348,6.84
1987,2,0.777,0.5,18,0.0196,0.2042,25.15
3133,4,0.2833,0.0,32,0.1665,0.2491,44.96
846,5,0.606,0.5,6,0.7571,0.2303,30.79
2370,2,0.6589,0.5,11,0.7942,0.3622,24.56
6549,16,0.7802,0.0,25,0.2878,0.3968,59.55
1888,1,0.2534,0.0,1,0.4182,0.2511,42.35
1963,3,0.1457,1.0,50,0.1882,0.3347,20.38
431,3,0.0987,0.0,225,0.285,0.3814,47.52
755,2,0.0747,1.0,58,0.1631,0.1764,9.18
1003,2,0.1296,0.0,121,0.0769,0.405,45.0
3047,3,0.1875,0.5,1,0.3025,0.1782,22.09
901,2,0.0048,0.5,20,0.1321,0.5026,22.27
2683,5,0.1162,0.0,64,0.2296,0.4206,37.79
1086,0,0.1845,0.5,12,0.598,0.3874,20.22
450,3,0.133,0.5,16,0.199,0.4185,24.27
3313,2,0.1722,0.5,42,0.2941,0.281,24.85
1484,5,0.5243,1.0,0,0.6334,0.1242,8.55
2865,2,0.0911,1.0,105,0.5369,0.1375,17.61
433,4,0.018,0.0,92,0.2448,0.2821,44.97
162,6,0.2747,0.5,31,0.2744,0.4143,18.94
2207,3,0.0669,0.0,6,0.7776,0.1752,41.12
729,2,0.212,0.0,37,0.07,0.3021,45.24
2183,1,0.591,0.0,150,0.0591,0.3956,52.6
2219,4,0.1397,0.5,35,0.136,0.3643,37.64
2012,4,0.1216,1.0,50,0.4688,0.1776,15.4
4143,4,0.3055,0.5,33,0.6159,0.2069,32.79
2649,4,0.0894,1.0,21,0.6002,0.5543,15.53
6545,19,0.1711,1.0,36,0.2424,0.3546,21.6
1517,5,0.4422,0.0,118,0.0712,0.3265,51.28
600,1,0.4936,0.0,210,0.173,0.2316,60.04
1151,1,0.1442,0.5,207,0.0689,0.3917,36.73
1591,3,0.1577,0.5,10,0.4238,0.4876,23.24
6910,9,0.8106,0.0,94,0.2471,0.4409,67.39
2100,0,0.031,0.0,21,0.1014,0.2194,41.3
4249,9,0.1957,0.5,0,0.2927,0.3565,31.87
1415,1,0.2068,0.5,60,0.2632,0.1407,28.19
1276,4,0.0638,0.5,24,0.2005,0.2235,24.61
414,4,0.7893,1.0,40,0.3494,0.229,19.87
6765,15,0.3281,1.0,23,0.4855,0.2213,35.34
5226,12,0.6904,1.0,9,0.4258,0.2548,24.88
2388,9,0.0274,0.5,15,0.03,0.5865,36.72
1667,3,0.5344,0.5,43,0.5281,0.5539,28.49
2161,7,0.1201,0.0,146,0.6152,0.3381,49.24
576,4,0.1101,1.0,19,0.4306,0.3648,4.83
2862,7,0.7252,0.5,7,0.8636,0.4508,26.82
4940,3,0.1609,0.0,106,0.0837,0.3841,53.19
5108,20,0.2688,1.0,72,0.2516,0.3211,32.67
434,1,0.8824,0.5,126,0.1685,0.1215,42.49
4222,2,0.2475,1.0,30,0.4787,0.2278,12.73
580,6,0.0755,0.0,5,0.4136,0.4319,36.92
179,7,0.386,0.5,29,0.1809,0.2517,28.19
4331,5,0.2947,1.0,53,0.5027,0.1916,20.18
1322,5,0.0806,0.5,7,0.3962,0.4491,27.58
3922,4,0.7748,0.5,12,0.5211,0.3685,31.73
3683,5,0.0356,0.5,225,0.1458,0.136,45.44
3363,1,0.4975,0.5,14,0.5182,0.4865,36.41
2141,4,0.1889,0.0,154,0.0987,0.1967,52.69
648,7,0.0313,0.0,36,0.204,0.3235,38.98
1594,4,0.0937,0.5,29,0.2815,0.1751,25.77
5165,21,0.8058,0.0,58,0.9279,0.4642,59.78
3992,1,0.0843,0.5,57,0.2382,0.4839,24.37
1662,4,0.7114,0.5,64,0.6739,0.4837,31.31
1645,2,0.0749,1.0,47,0.4088,0.2194,13.38
3155,3,0.8353,0.5,3,0.4585,0.5459,42.51
2260,3,0.7101,0.5,46,0.7173,0.1692,28.76
1732,3,0.7677,0.0,15,0.1246,0.4917,50.57
2970,4,0.0826,0.5,108,0.0509,0.4459,37.62
2900,4,0.1154,0.0,131,0.4486,0.4453,57.99
1178,2,0.216,1.0,37,0.2365,0.2755,8.56
2605,6,0.3502,0.0,86,0.1413,0.2388,56.89
2774,2,0.8056,1.0,23,0.1812,0.4114,25.5
2019,1,0.6067,0.5,9,0.5938,0.3375,34.33
1071,2,0.4552,1.0,57,0.3203,0.2381,21.74
1554,3,0.1821,1.0,180,0.076,0.3451,26.22
886,4,0.1151,1.0,35,0.0841,0.4191,15.13
2657,3,0.1824,0.5,0,0.8795,0.2161,21.41
436,3,0.2307,0.0,3,0.8656,0.4637,25.12
5524,27,0.4549,0.5,53,0.1178,0.3407,46.83
4784,2,0.3121,0.0,10,0.4209,0.426,45.09
2822,2,0.1284,0.5,4,0.32,0.3041,30.51
3832,3,0.0147,1.0,14,0.5164,0.5022,16.91
3657,6,0.6328,0.5,16,0.1561,0.1162,28.82
2287,3,0.674,0.0,68,0.5723,0.2465,60.51
1770,2,0.2609,1.0,10,0.0813,0.391,13.66
1615,0,0.0759,0.0,65,0.3096,0.4199,36.32
5660,17,0.7861,1.0,214,0.4113,0.4112,38.33
1037,1,0.3576,1.0,85,0.3579,0.2669,4.65
1055,2,0.1242,0.0,56,0.1373,0.5021,47.19
4067,3,0.433,0.0,77,0.0753,0.5359,50.82
3806,2,0.0124,1.0,4,0.5157,0.3442,6.54
1689,3,0.474,0.0,32,0.4551,0.0912,40.0
3042,3,0.2845,1.0,94,0.214,0.32,19.27
3330,6,0.116,0.5,44,0.4092,0.3604,34.38
616,3,0.1701,0.5,25,0.2009,0.1659,16.43
4993,2,0.2866,0.5,192,0.2394,0.2649,41.1
3329,3,0.1467,0.5,2,0.6861,0.2289,27.64
2860,2,0.2304,0.5,76,0.5514,0.194,28.35
3348,4,0.5591,0.5,71,0.5893,0.2544,38.26
2617,1,0.0866,0.5,0,0.733,0.2934,20.01
1931,2,0.1063,0.0,208,0.5102,0.5686,63.94
2302,2,0.1893,1.0,32,0.1916,0.3205,14.25
561,3,0.7195,0.5,35,0.3518,0.5623,36.51
7169,20,0.2385,0.5,0,0.4611,0.1418,41.64
1905,1,0.5016,0.5,31,0.541,0.3603,31.08
7089,19,0.0755,0.5,18,0.095,0.3538,37.24
2331,4,0.6068,0.0,179,0.6788,0.34,63.77
1266,1,0.0501,1.0,28,0.5767,0.3407,9.14
4897,3,0.3785,0.5,103,0.2516,0.5928,36.26
2777,1,0.1244,1.0,89,0.3442,0.4462,6.95
8880,23,0.1378,1.0,76,0.2686,0.1466,34.48
1239,5,0.7297,1.0,11,0.4043,0.4936,22.67
5036,19,0.7203,0.5,141,0.359,0.2637,47.12
5216,16,0.8101,0.0,92,0.2217,0.4084,59.12
3526,3,0.0537,0.5,12,0.1049,0.4568,27.16
5245,16,0.1529,0.5,36,0.2294,0.4343,44.5
1940,1,0.8212,0.5,4,0.8071,0.3336,18.22
1033,2,0.1392,0.0,12,0.2123,0.4042,35.94
1364,4,0.4839,0.5,39,0.2569,0.5031,25.82
2212,1,0.3168,0.0,45,0.1941,0.2004,47.11
3654,2,0.1945,0.5,11,0.627,0.5088,26.86
1098,2,0.2226,0.5,46,0.1819,0.1053,25.3
1616,2,0.1716,0.0,2,0.7188,0.5285,37.04
1176,1,0.0285,0.0,78,0.3581,0.3752,46.81
4112,2,0.3649,0.0,2,0.6614,0.4715,49.31
7052,14,0.5985,0.5,1,0.7296,0.202,44.48
881,2,0.3394,1.0,26,0.4729,0.454,13.69
3145,5,0.0488,0.0,47,0.5297,0.3357,51.81
4469,2,0.3834,1.0,88,0.4475,0.4386,17.71
1809,10,0.1005,0.0,63,0.2474,0.3007,49.54
592,2,0.8534,0.5,96,0.1054,0.3549,48.2
4866,3,0.2748,0.0,240,0.3725,0.4199,56.38
555,1,0.052,1.0,101,0.0494,0.4186,12.64
5846,14,0.1899,1.0,22,0.5755,0.1882,16.22
1155,3,0.0615,0.5,23,0.1045,0.5503,27.5
473,3,0.1078,0.0,66,0.4649,0.1611,48.45
1450,1,0.166,1.0,40,0.0546,0.1911,14.62
2081,6,0.7461,0.0,110,0.2941,0.3735,54.37
2424,0,0.8887,0.5,30,0.4311,0.4013,34.86
3333,3,0.3985,1.0,83,0.1114,0.3264,20.23
2588,2,0.7824,0.5,34,0.3366,0.2974,33.92
6676,22,0.281,1.0,140,0.0913,0.2078,40.4
2006,2,0.3419,1.0,140,0.3328,0.3677,31.28
2690,1,0.0293,1.0,35,0.0356,0.1971,14.83
2528,2,0.1557,0.0,46,0.3272,0.3197,45.03
413,3,0.0722,0.5,43,0.4025,0.4549,35.27
733,6,0.1678,0.5,30,0.159,0.3147,17.51
2219,4,0.5424,0.5,122,0.2352,0.3343,38.78
2931,2,0.3847,0.5,23,0.1751,0.3513,26.52
251,2,0.7123,0.5,5,0.3061,0.4699,25.52
6879,12,0.2604,1.0,49,0.0906,0.3427,30.69
3103,3,0.3145,0.0,221,0.4204,0.3695,65.92
2125,2,0.23,0.5,44,0.3313,0.2812,25.96
3002,2,0.1936,1.0,4,0.7805,0.3667,13.21
1382,6,0.0349,0.0,59,0.1146,0.425,40.74
2444,4,0.7162,0.0,16,0.3864,0.3252,40.14
2738,4,0.1341,1.0,13,0.2302,0.1109,12.46
4905,1,0.0359,0.0,177,0.3374,0.1032,55.58
1870,2,0.1074,0.5,168,0.744,0.4559,43.82
571,7,0.8653,1.0,1,0.4298,0.1646,24.74
1009,2,0.6465,0.5,36,0.0546,0.4583,27.96
1754,3,0.1214,1.0,5,0.9208,0.1268,0.0
637,2,0.0137,1.0,34,0.2817,0.1762,1.57
912,5,0.7662,0.5,17,0.1771,0.2065,26.25
1017,4,0.2871,1.0,71,0.0611,0.2867,17.53
1661,1,0.1453,0.0,43,0.5208,0.2023,39.23
3074,0,0.729,0.0,45,0.2834,0.2251,41.95
1599,6,0.2281,0.5,55,0.1505,0.2505,40.07
3224,2,0.0041,0.5,100,0.1347,0.4487,37.86
2127,1,0.1112,0.0,170,0.0955,0.5016,63.02
940,1,0.0379,0.5,24,0.2581,0.1353,13.74
2771,3,0.0181,0.0,240,0.2389,0.3576,66.73
2467,6,0.0977,0.0,44,0.4585,0.2859,43.75
3284,1,0.3268,0.5,16,0.3108,0.4365,27.03
3769,1,0.1369,1.0,0,0.5733,0.3346,10.71
5010,15,0.0903,1.0,26,0.2519,0.2226,17.75
3148,5,0.0256,0.5,125,0.2672,0.5359,37.14
2407,2,0.8243,0.5,66,0.1832,0.492,41.58
3295,5,0.0119,0.0,76,0.1031,0.389,39.31
1473,0,0.2061,0.5,8,0.5663,0.2438,29.72
1385,0,0.0743,0.5,240,0.3017,0.2857,43.52
5473,16,0.1913,1.0,134,0.3495,0.5753,32.24
1351,0,0.0783,0.5,40,0.4728,0.3898,29.17
1040,5,0.5785,1.0,15,0.2443,0.4715,16.32
3147,4,0.234,1.0,13,0.3636,0.4403,11.64
1484,4,0.7687,0.0,42,0.4081,0.3283,43.58
3743,1,0.8075,1.0,63,0.1698,0.3133,30.21
4763,3,0.0258,0.0,45,0.4479,0.2897,39.07
1172,2,0.5769,1.0,191,0.1256,0.3789,27.13
3418,1,0.7184,0.5,30,0.0994,0.2318,26.69
1324,3,0.4218,0.5,93,0.3316,0.1187,35.29
1783,3,0.0196,0.5,71,0.3543,0.469,29.04
2680,1,0.0566,0.5,60,0.1657,0.2668,23.31
1387,1,0.0254,1.0,24,0.0494,0.5,5.97
2507,4,0.1758,1.0,45,0.0381,0.2338,16.08
1900,0,0.8215,0.5,29,0.354,0.4513,32.52
3801,5,0.2469,1.0,1,0.68,0.3087,3.36
3808,2,0.2965,0.5,83,0.1886,0.2272,32.03
1393,3,0.07,0.5,134,0.7326,0.4085,33.63
2724,4,0.5499,0.0,187,0.038,0.372,67.51
4209,3,0.7801,1.0,91,0.1215,0.5929,31.82
898,2,0.5628,0.5,27,0.3177,0.36,25.78
1891,6,0.0589,0.5,9,0.8023,0.3312,29.07
2639,2,0.0509,0.5,38,0.2085,0.1211,25.92
863,3,0.0906,1.0,4,0.7098,0.3865,0.0
1531,6,0.544,0.0,1,0.5176,0.3921,50.21
6223,16,0.3126,0.5,53,0.5078,0.506,44.7
1348,4,0.6329,0.5,14,0.2815,0.2543,30.03
1473,2,0.7385,0.0,45,0.055,0.2209,47.59
3122,3,0.3281,0.5,107,0.1577,0.2003,38.72
770,2,0.676,1.0,9,0.7022,0.4342,10.97
1923,2,0.2711,0.0,82,0.6557,0.2182,43.79
1049,1,0.3064,1.0,43,0.3368,0.2506,8.42
2503,1,0.8606,1.0,0,0.2969,0.6121,16.59
66,3,0.9333,0.0,44,0.4216,0.3924,41.82
2256,1,0.77,0.5,11,0.6106,0.5046,23.69
2692,3,0.1649,0.0,61,0.3633,0.0858,46.53
1563,4,0.1871,0.5,44,0.143,0.2967,33.96
1643,5,0.2196,0.5,21,0.1046,0.0887,23.56
1412,2,0.1657,0.5,33,0.0411,0.3266,24.13
1904,5,0.1969,1.0,120,0.4809,0.2311,11.49
5521,20,0.9285,1.0,21,0.1975,0.2981,23.52
3883,4,0.2854,0.5,82,0.3184,0.5111,30.43
1902,3,0.3296,1.0,5,0.7173,0.3403,14.74
1532,3,0.7407,1.0,3,0.5861,0.2641,3.98
3636,4,0.9462,0.5,19,0.524,0.3508,37.44
2387,6,0.0331,0.0,41,0.025,0.2346,43.85
844,3,0.1551,1.0,23,0.326,0.3074,12.7
1736,3,0.0792,1.0,20,0.3607,0.3425,16.1
5137,24,0.1435,0.5,15,0.3336,0.1874,37.37
3036,2,0.1723,1.0,57,0.4493,0.4661,21.45
1545,4,0.7826,0.5,38,0.1501,0.0883,40.39
531,4,0.1186,0.5,65,0.0776,0.238,35.36
2494,4,0.1776,1.0,2,0.7225,0.4113,6.7
2136,2,0.1374,1.0,89,0.3149,0.5292,7.55
1857,1,0.0063,0.0,6,0.5056,0.4162,36.75
3664,3,0.1124,0.0,37,0.0999,0.1229,46.44
3062,1,0.351,0.5,45,0.2852,0.2479,21.0
550,6,0.2794,0.5,11,0.3544,0.2398,25.59
2145,3,0.0838,1.0,57,0.3868,0.5178,1.63
695,1,0.3755,0.0,96,0.1269,0.5711,55.6
1431,4,0.1299,1.0,75,0.2552,0.1796,17.55
646,6,0.2181,0.5,12,0.4255,0.4518,21.3
669,5,0.0289,0.5,35,0.1905,0.5137,27.12
2718,2,0.2147,0.5,80,0.4539,0.4598,33.73
2528,3,0.0479,1.0,8,0.4856,0.2546,11.99
2027,6,0.3659,0.5,87,0.1734,0.2712,35.94
1332,3,0.8269,0.5,10,0.4181,0.4342,34.51
601,2,0.3286,0.5,11,0.6107,0.3594,16.84
1437,2,0.0313,0.5,43,0.1891,0.2332,25.52
2537,2,0.1796,0.5,81,0.344,0.1778,40.5
2495,3,0.2897,1.0,6,0.4863,0.2393,9.48
5066,12,0.1468,1.0,8,0.4643,0.3266,19.98
4590,3,0.2848,0.0,83,0.4177,0.5181,47.24
2088,4,0.0433,1.0,5,0.3457,0.401,20.82
1425,3,0.134,0.0,24,0.6002,0.3515,41.02
1073,4,0.1151,0.5,48,0.0292,0.4512,22.63
512,3,0.0952,0.0,4,0.2442,0.2993,42.81
769,4,0.0622,0.0,43,0.2746,0.4725,36.29
2539,4,0.1905,0.5,28,0.1817,0.331,32.75
3211,8,0.1899,0.5,0,0.4813,0.2176,33.55
1662,0,0.0827,0.5,177,0.7558,0.4087,45.52
8687,22,0.2783,0.0,15,0.0309,0.5275,62.54
776,2,0.4708,0.0,15,0.2116,0.4635,42.09
461,1,0.1278,0.0,42,0.0922,0.5856,31.04
8589,16,0.0226,0.5,117,0.4649,0.4865,47.2
572,4,0.0949,0.0,47,0.0991,0.4407,38.96
1645,2,0.3239,0.5,63,0.2991,0.149,28.93
1151,6,0.008,0.5,23,0.197,0.2148,23.07
2676,2,0.6939,0.0,89,0.1184,0.1596,56.36
1549,1,0.206,1.0,29,0.1566,0.2259,8.4
3218,3,0.2521,0.5,57,0.4183,0.4086,34.55
3716,3,0.1367,0.5,90,0.129,0.3531,35.24
507,6,0.8465,0.5,27,0.7298,0.3365,26.76
1043,2,0.1953,0.5,124,0.4799,0.299,29.04
3413,0,0.1518,0.5,80,0.3335,0.3247,33.37
4231,2,0.9372,1.0,85,0.6582,0.5563,32.52
2340,3,0.0505,0.5,59,0.5577,0.2597,24.6
2819,0,0.1365,0.5,4,0.1523,0.31,25.68
5281,18,0.3037,0.5,88,0.3602,0.2393,46.42
1564,3,0.2292,1.0,95,0.0381,0.297,18.49
2322,2,0.2545,0.0,6,0.4352,0.2075,31.48
4593,1,0.7351,0.5,80,0.0801,0.2493,42.52
4787,2,0.5504,0.5,55,0.0818,0.3045,30.02
1915,2,0.3418,1.0,35,0.0658,0.4729,7.53
1071,3,0.4397,1.0,12,0.1362,0.4957,6.21
1899,8,0.6322,1.0,26,0.2694,0.2722,17.12
2040,10,0.0378,1.0,37,0.3978,0.2414,9.72
1038,5,0.2733,0.5,15,0.1045,0.4759,20.45
1175,3,0.0931,0.0,2,0.3968,0.2715,39.49
4791,6,0.6298,1.0,53,0.4101,0.5469,24.22
2912,2,0.7571,0.5,78,0.285,0.4554,41.42
1651,2,0.2729,0.0,21,0.1576,0.2232,38.07
820,4,0.0748,0.0,55,0.0554,0.6114,43.82
1187,5,0.0212,0.5,171,0.1146,0.39,42.56
423,2,0.0744,0.5,133,0.1648,0.3039,26.07
2385,2,0.2322,0.5,37,0.0585,0.3154,26.32
1133,2,0.0089,0.5,12,0.2581,0.2723,27.71
2524,3,0.0425,0.0,81,0.0257,0.2048,47.39
3388,2,0.8421,0.0,13,0.026,0.5172,49.16
2551,1,0.2372,1.0,130,0.7027,0.3443,19.51
1495,4,0.1805,1.0,17,0.2407,0.3375,17.49
993,2,0.0669,1.0,48,0.2077,0.5508,11.89
715,1,0.0521,0.0,81,0.6067,0.1687,41.17
4485,4,0.1116,1.0,31,0.2588,0.3586,16.88
2472,2,0.5045,1.0,13,0.1456,0.4479,6.92
1563,1,0.1414,0.5,9,0.4589,0.2907,25.54
3084,4,0.2408,0.5,26,0.5579,0.2018,24.47
4012,2,0.0986,0.0,202,0.4037,0.397,52.57
1152,3,0.0306,0.5,25,0.3384,0.284,15.5
2418,2,0.5801,1.0,32,0.2981,0.3064,8.37
2454,2,0.2137,0.5,3,0.508,0.1405,13.09
5133,21,0.1324,0.0,38,0.3116,0.1533,48.69
1546,2,0.9346,0.5,102,0.4263,0.4581,36.05
962,2,0.359,1.0,1,0.8786,0.1818,11.89
2614,5,0.3389,1.0,3,0.6457,0.1211,11.85
3264,3,0.2981,0.5,103,0.3373,0.1015,37.12
2276,5,0.1322,1.0,53,0.213,0.3147,22.21
5366,22,0.4264,0.0,46,0.3726,0.3613,43.53
1542,3,0.1896,0.0,240,0.4303,0.4198,61.07
2318,3,0.027,0.0,17,0.1941,0.442,43.11
548,1,0.2981,1.0,21,0.2754,0.461,13.95
916,5,0.2511,1.0,52,0.6005,0.4072,4.16
1159,3,0.0369,1.0,20,0.0749,0.5459,7.85
1749,2,0.8731,1.0,44,0.1947,0.2827,13.98
639,3,0.0552,0.5,6,0.7902,0.2402,13.62
3054,2,0.1821,0.5,240,0.4547,0.504,57.8
